Date,Portfolio name,Currency,Campaign Name,Ad Group Name,Targeting,Match Type,Customer Search Term,Impressions,Clicks,Click-Thru Rate (CTR),Cost Per Click (CPC),Spend,7 Day Total Sales,Total Advertising Cost of Sales (ACOS),Total Return on Advertising Spend (ROAS),7 Day Total Orders (#),7 Day Total Units (#),7 Day Conversion Rate,7 Day Advertised SKU Units (#),7 Day Other SKU Units (#),7 Day Advertised SKU Sales,7 Day Other SKU Sales
"Jul 11, 2026",,USD,词组主干,词组主干 组,nonslip bathtub mat,PHRASE,anti slip bathtub mat,222,2,0.9%,$1.10,$2.20,$24.11,,,1,1,,,,,
"Jul 14, 2026",,USD,词组主干,词组主干 组,nonslip bathtub mat,PHRASE,anti slip bathtub mat,124,1,0.81%,$1.10,$1.10,$0.00,,,0,0,,,,,
"Jul 08, 2026",,USD,词组主干,词组主干 组,nonslip bathtub mat,PHRASE,nonslip bathtub mat,72,1,1.39%,$0.98,$0.98,$0.00,,,0,0,,,,,
"Jul 12, 2026",,USD,词组主干,词组主干 组,nonslip bathtub mat,PHRASE,nonslip bathtub mat,596,4,0.67%,$1.10,$4.41,$24.11,,,1,1,,,,,
"Jul 13, 2026",,USD,词组主干,词组主干 组,nonslip bathtub mat,PHRASE,nonslip bathtub mat,52,1,1.92%,$1.10,$1.10,$0.00,,,0,0,,,,,
"Jul 11, 2026",,USD,词组主干,词组主干 组,nonslip bathtub mat,PHRASE,non slip bathtub mat,2795,4,0.14%,$1.10,$4.41,$24.11,,,1,1,,,,,
"Jul 12, 2026",,USD,词组主干,词组主干 组,nonslip bathtub mat,PHRASE,non slip bathtub mat,225,1,0.44%,$1.10,$1.10,$0.00,,,0,0,,,,,
"Jul 15, 2026",,USD,词组主干,词组主干 组,nonslip bathtub mat,PHRASE,non slip bathtub mat,331,3,0.91%,$1.10,$3.31,$0.00,,,0,0,,,,,
"Jul 11, 2026",,USD,词组主干,词组主干 组,nonslip bathtub mat,PHRASE,non slip bathtub mat machine washable,1392,8,0.57%,$1.06,$8.45,$0.00,,,0,0,,,,,
"Jul 14, 2026",,USD,词组主干,词组主干 组,nonslip bathtub mat,PHRASE,non slip bathtub mat machine washable,289,2,0.69%,$1.10,$2.20,$0.00,,,0,0,,,,,
"Jul 15, 2026",,USD,词组主干,词组主干 组,nonslip bathtub mat,PHRASE,non slip bathtub mat machine washable,423,4,0.95%,$1.10,$4.41,$0.00,,,0,0,,,,,
"Jul 11, 2026",,USD,词组主干,词组主干 组,nonslip bathtub mat machine washable,PHRASE,nonslip bathtub mat machine washable,254,3,1.18%,$1.10,$3.31,$0.00,,,0,0,,,,,
"Jul 15, 2026",,USD,词组主干,词组主干 组,nonslip bathtub mat machine washable,PHRASE,nonslip bathtub mat machine washable,8,1,12.5%,$1.10,$1.10,$0.00,,,0,0,,,,,
"Jul 12, 2026",,USD,词组主干,词组主干 组,nonslip bathtub mat machine washable,PHRASE,non slip bathtub mat machine washable,176,1,0.57%,$1.03,$1.03,$0.00,,,0,0,,,,,
"Jul 13, 2026",,USD,词组主干,词组主干 组,nonslip bathtub mat machine washable,PHRASE,non slip bathtub mat machine washable,489,3,0.61%,$1.10,$3.31,$0.00,,,0,0,,,,,
"Aug 02, 2026",,USD,属性-吸盘款2,属性-吸盘款2 组,non slip bathtub mat with suction cups,BROAD,bathtub runners non slip,1,1,100.0%,$0.80,$0.80,$72.32,,,3,3,,,,,
"Jul 19, 2026",,USD,词组主干,词组主干 组,machine washable bathtub mat non slip,PHRASE,best machine washable bathtub mat non slip hotel mini rv,2,2,100.0%,$1.10,$2.20,$0.00,,,0,0,,,,,
"Jul 24, 2026",,USD,词组主干,词组主干 组,machine washable bathtub mat non slip,PHRASE,halvex machine washable bathtub mat non slip,9,2,22.22%,$1.10,$2.20,$0.00,,,0,0,,,,,
"Jul 29, 2026",,USD,词组主干,词组主干 组,machine washable bathtub mat non slip,PHRASE,norvane machine washable bathtub mat non slip,3,2,66.67%,$1.10,$2.20,$0.00,,,0,0,,,,,
"Aug 02, 2026",,USD,词组主干,词组主干 组,machine washable bathtub mat non slip,PHRASE,machine washable bathtub mat non slip,54,1,1.85%,$1.10,$1.10,$0.00,,,0,0,,,,,
"Jul 19, 2026",,USD,词组主干,词组主干 组,machine washable bathtub mat non slip,PHRASE,machine washable bathtub mat anti slip strong and original,6,1,16.67%,$1.10,$1.10,$0.00,,,0,0,,,,,
"Jul 30, 2026",,USD,属性-吸盘款,属性-吸盘款 组,anti slip bath towel mat with suction cups,BROAD,non slip textured runner rugs big and dorm with tub floor everyday nordic travel in,1,1,100.0%,$0.91,$0.91,$0.00,,,0,0,,,,,
"Jul 23, 2026",,USD,属性-吸盘款,属性-吸盘款 组,anti slip bath towel mat with suction cups,BROAD,non slip shower curtain mat,9,1,11.11%,$1.02,$1.02,$0.00,,,0,0,,,,,
"Jul 28, 2026",,USD,属性-吸盘款,属性-吸盘款 组,anti slip bath towel mat with suction cups,BROAD,non slip shower curtain mat,5,1,20.0%,$1.02,$1.02,$0.00,,,0,0,,,,,
"Jul 25, 2026",,USD,属性-吸盘款,属性-吸盘款 组,anti slip bath towel mat with suction cups,BROAD,non slip bathtub mat,13,1,7.69%,$1.02,$1.02,$0.00,,,0,0,,,,,
"Jul 24, 2026",,USD,属性-吸盘款,属性-吸盘款 组,anti slip bath towel mat with suction cups,BROAD,non slip bath towel,24,2,8.33%,$1.02,$2.04,$24.11,,,1,1,,,,,
"Jul 25, 2026",,USD,属性-吸盘款,属性-吸盘款 组,anti slip bath towel mat with suction cups,BROAD,durable bath towel non slip,9,1,11.11%,$1.02,$1.02,$0.00,,,0,0,,,,,
"Jul 27, 2026",,USD,属性-吸盘款,属性-吸盘款 组,anti slip bath towel mat with suction cups,BROAD,bath towels non slip,46,1,2.17%,$1.02,$1.02,$0.00,,,0,0,,,,,
"Jul 25, 2026",,USD,属性-吸盘款,属性-吸盘款 组,anti slip bath towel mat with suction cups,BROAD,bath towels non slip classic resistant,17,1,5.88%,$1.01,$1.01,$0.00,,,0,0,,,,,
"Jul 07, 2026",,USD,精确主干,精确主干 组,bathtub mat non slip,EXACT,bathtub mat non slip,533,1,0.19%,$0.98,$0.98,$0.00,,,0,0,,,,,
"Jul 12, 2026",,USD,精确主干,精确主干 组,bathtub mat non slip,EXACT,bathtub mat non slip,27,2,7.41%,$1.06,$2.12,$0.00,,,0,0,,,,,
"Jul 21, 2026",,USD,精确主干,精确主干 组,bathtub mat non slip,EXACT,bathtub mat non slip,128,1,0.78%,$1.06,$1.06,$0.00,,,0,0,,,,,
"Jul 22, 2026",,USD,精确主干,精确主干 组,bathtub mat non slip,EXACT,bathtub mat non slip,1318,7,0.53%,$1.06,$7.43,$0.00,,,0,0,,,,,
"Jul 23, 2026",,USD,精确主干,精确主干 组,bathtub mat non slip,EXACT,bathtub mat non slip,757,6,0.79%,$1.06,$6.36,$0.00,,,0,0,,,,,
"Jul 24, 2026",,USD,精确主干,精确主干 组,bathtub mat non slip,EXACT,bathtub mat non slip,2315,10,0.43%,$1.06,$10.59,$111.21,,,4,4,,,,,
"Jul 25, 2026",,USD,精确主干,精确主干 组,bathtub mat non slip,EXACT,bathtub mat non slip,3204,8,0.25%,$1.06,$8.49,$48.21,,,2,2,,,,,
"Jul 26, 2026",,USD,精确主干,精确主干 组,bathtub mat non slip,EXACT,bathtub mat non slip,1653,19,1.15%,$1.06,$20.16,$108.47,,,3,4,,,,,
"Jul 27, 2026",,USD,精确主干,精确主干 组,bathtub mat non slip,EXACT,bathtub mat non slip,1736,12,0.69%,$1.06,$12.73,$0.00,,,0,0,,,,,
"Jul 28, 2026",,USD,精确主干,精确主干 组,bathtub mat non slip,EXACT,bathtub mat non slip,829,2,0.24%,$1.06,$2.12,$35.20,,,1,1,,,,,
"Jul 29, 2026",,USD,精确主干,精确主干 组,bathtub mat non slip,EXACT,bathtub mat non slip,1054,6,0.57%,$1.06,$6.36,$45.80,,,2,2,,,,,
"Jul 30, 2026",,USD,精确主干,精确主干 组,bathtub mat non slip,EXACT,bathtub mat non slip,2988,17,0.57%,$1.06,$18.03,$35.20,,,1,1,,,,,
"Jul 31, 2026",,USD,精确主干,精确主干 组,bathtub mat non slip,EXACT,bathtub mat non slip,700,1,0.14%,$1.00,$1.00,$0.00,,,0,0,,,,,
"Aug 01, 2026",,USD,精确主干,精确主干 组,bathtub mat non slip,EXACT,bathtub mat non slip,575,2,0.35%,$1.02,$2.04,$0.00,,,0,0,,,,,
"Aug 02, 2026",,USD,精确主干,精确主干 组,bathtub mat non slip,EXACT,bathtub mat non slip,645,2,0.31%,$1.06,$2.12,$0.00,,,0,0,,,,,
"Jul 15, 2026",,USD,精确主干,精确主干 组,bathtub mat non slip,EXACT,bathtub mat anti slip,17,1,5.88%,$1.06,$1.06,$0.00,,,0,0,,,,,
"Jul 26, 2026",,USD,精确主干,精确主干 组,bathtub mat non slip,EXACT,bathtub mat anti slip,17,2,11.76%,$1.06,$2.12,$24.11,,,1,1,,,,,
"Jul 23, 2026",,USD,词组主干,词组主干 组,bathtub mat non slip,PHRASE,20 inch bathtub mat anti slip,2,2,100.0%,$1.10,$2.20,$48.21,,,2,2,,,,,
"Jul 15, 2026",,USD,词组主干,词组主干 组,bathtub mat non slip,PHRASE,20 inch natural bathtub mat anti slip flexible,2,1,50.0%,$1.10,$1.10,$0.00,,,0,0,,,,,
"Jul 18, 2026",,USD,词组主干,词组主干 组,bathtub mat non slip,PHRASE,30 inch machine washable strong to original bathtub mat non slip,2,1,50.0%,$1.10,$1.10,$0.00,,,0,0,,,,,
"Jul 12, 2026",,USD,词组主干,词组主干 组,bathtub mat non slip,PHRASE,size 5 bathtub mat non slip,33,2,6.06%,$1.10,$2.20,$0.00,,,0,0,,,,,
"Jul 28, 2026",,USD,词组主干,词组主干 组,bathtub mat non slip,PHRASE,size 5 bathtub mat non slip,61,2,3.28%,$1.12,$2.24,$24.11,,,1,1,,,,,
"Jul 10, 2026",,USD,词组主干,词组主干 组,bathtub mat non slip,PHRASE,skid free bathtub mat anti slip,136,2,1.47%,$1.10,$2.20,$24.11,,,1,1,,,,,
"Jul 31, 2026",,USD,词组主干,词组主干 组,bathtub mat non slip,PHRASE,skid free bathtub mat anti slip,207,1,0.48%,$1.12,$1.12,$0.00,,,0,0,,,,,
"Aug 01, 2026",,USD,词组主干,词组主干 组,bathtub mat non slip,PHRASE,skid free bathtub mat anti slip,179,1,0.56%,$1.12,$1.12,$0.00,,,0,0,,,,,
"Jul 25, 2026",,USD,词组主干,词组主干 组,bathtub mat non slip,PHRASE,nordly bathtub mat non slip,15,1,6.67%,$1.10,$1.10,$0.00,,,0,0,,,,,
"Jul 26, 2026",,USD,词组主干,词组主干 组,bathtub mat non slip,PHRASE,nordly bathtub mat non slip,9,1,11.11%,$0.69,$0.69,$0.00,,,0,0,,,,,
"Jul 27, 2026",,USD,词组主干,词组主干 组,bathtub mat non slip,PHRASE,nordly bathtub mat non slip,23,1,4.35%,$1.12,$1.12,$48.21,,,2,2,,,,,
"Jul 12, 2026",,USD,词组主干,词组主干 组,bathtub mat non slip,PHRASE,mildew resistant family bathtub mat anti slip,4,1,25.0%,$1.10,$1.10,$0.00,,,0,0,,,,,
"Jul 09, 2026",,USD,词组主干,词组主干 组,bathtub mat non slip,PHRASE,mildew resistant bathtub mat non slip,9,3,33.33%,$0.98,$2.94,$48.21,,,2,2,,,,,
"Jul 18, 2026",,USD,词组主干,词组主干 组,bathtub mat non slip,PHRASE,mildew resistant bathtub mat non slip,17,1,5.88%,$1.10,$1.10,$0.00,,,0,0,,,,,
"Jul 31, 2026",,USD,词组主干,词组主干 组,bathtub mat non slip,PHRASE,mildew resistant bathtub mat non slip,168,3,1.79%,$1.12,$3.37,$0.00,,,0,0,,,,,
"Jul 21, 2026",,USD,词组主干,词组主干 组,bathtub mat non slip,PHRASE,travel bathtub mat anti slip,2,1,50.0%,$1.10,$1.10,$0.00,,,0,0,,,,,
"Jul 14, 2026",,USD,词组主干,词组主干 组,bathtub mat non slip,PHRASE,big 7 extra large bathtub mat non slip skid free,1,1,100.0%,$1.10,$1.10,$0.00,,,0,0,,,,,
"Jul 21, 2026",,USD,词组主干,词组主干 组,bathtub mat non slip,PHRASE,original bathtub mat non slip,11,1,9.09%,$1.10,$1.10,$0.00,,,0,0,,,,,
"Jul 21, 2026",,USD,词组主干,词组主干 组,bathtub mat non slip,PHRASE,textured bathtub mat non slip eco kitchen,8,1,12.5%,$1.10,$1.10,$0.00,,,0,0,,,,,
"Jul 16, 2026",,USD,词组主干,词组主干 组,bathtub mat non slip,PHRASE,halvex machine washable bathtub mat non slip,44,1,2.27%,$1.10,$1.10,$0.00,,,0,0,,,,,
"Jul 24, 2026",,USD,词组主干,词组主干 组,bathtub mat non slip,PHRASE,halvex machine washable bathtub mat non slip,32,2,6.25%,$1.12,$2.24,$0.00,,,0,0,,,,,
"Jul 24, 2026",,USD,词组主干,词组主干 组,bathtub mat non slip,PHRASE,halvex machine washable bathtub mat non slip hotel x large,2,1,50.0%,$1.10,$1.10,$0.00,,,0,0,,,,,
"Jul 27, 2026",,USD,词组主干,词组主干 组,bathtub mat non slip,PHRASE,comfitra bathtub mat non slip,8,1,12.5%,$1.12,$1.12,$0.00,,,0,0,,,,,
"Jul 24, 2026",,USD,词组主干,词组主干 组,bathtub mat non slip,PHRASE,quorras bathtub mat non slip,6,1,16.67%,$1.10,$1.10,$0.00,,,0,0,,,,,
"Jul 20, 2026",,USD,词组主干,词组主干 组,bathtub mat non slip,PHRASE,pebble bathtub mat non slip,13,1,7.69%,$1.10,$1.10,$0.00,,,0,0,,,,,
"Jul 25, 2026",,USD,词组主干,词组主干 组,bathtub mat non slip,PHRASE,pebble bathtub mat non slip,17,1,5.88%,$1.10,$1.10,$0.00,,,0,0,,,,,
"Aug 01, 2026",,USD,词组主干,词组主干 组,bathtub mat non slip,PHRASE,pebble bathtub mat non slip,8,2,25.0%,$1.10,$2.20,$0.00,,,0,0,,,,,
"Aug 01, 2026",,USD,词组主干,词组主干 组,bathtub mat non slip,PHRASE,mirabel bathtub mat anti slip,70,3,4.29%,$1.10,$3.31,$0.00,,,0,0,,,,,
"Aug 01, 2026",,USD,词组主干,词组主干 组,bathtub mat non slip,PHRASE,strong to original bathtub mat non slip,5,1,20.0%,$1.12,$1.12,$0.00,,,0,0,,,,,
"Jul 30, 2026",,USD,词组主干,词组主干 组,bathtub mat non slip,PHRASE,lightweight bathtub mat non slip,1,1,100.0%,$1.10,$1.10,$24.11,,,1,1,,,,,
"Jul 13, 2026",,USD,词组主干,词组主干 组,bathtub mat non slip,PHRASE,lightweight bathtub mat non slip with suction cups,4,2,50.0%,$1.10,$2.20,$0.00,,,0,0,,,,,
"Jul 20, 2026",,USD,词组主干,词组主干 组,bathtub mat non slip,PHRASE,lightweight bathtub mat anti slip,7,2,28.57%,$1.10,$2.20,$0.00,,,0,0,,,,,
"Jul 08, 2026",,USD,词组主干,词组主干 组,bathtub mat non slip,PHRASE,bathtub mat non slip,723,2,0.28%,$0.98,$1.96,$24.11,,,1,1,,,,,
"Jul 10, 2026",,USD,词组主干,词组主干 组,bathtub mat non slip,PHRASE,bathtub mat non slip,2034,9,0.44%,$1.09,$9.85,$0.00,,,0,0,,,,,
"Jul 11, 2026",,USD,词组主干,词组主干 组,bathtub mat non slip,PHRASE,bathtub mat non slip,6113,38,0.62%,$1.10,$41.83,$128.57,,,4,4,,,,,
"Jul 12, 2026",,USD,词组主干,词组主干 组,bathtub mat non slip,PHRASE,bathtub mat non slip,4005,22,0.55%,$1.04,$22.82,$48.21,,,2,2,,,,,
"Jul 13, 2026",,USD,词组主干,词组主干 组,bathtub mat non slip,PHRASE,bathtub mat non slip,1937,8,0.41%,$1.04,$8.31,$0.00,,,0,0,,,,,
"Jul 14, 2026",,USD,词组主干,词组主干 组,bathtub mat non slip,PHRASE,bathtub mat non slip,2976,12,0.4%,$1.10,$13.20,$96.42,,,4,4,,,,,
"Jul 15, 2026",,USD,词组主干,词组主干 组,bathtub mat non slip,PHRASE,bathtub mat non slip,2256,12,0.53%,$1.10,$13.22,$48.21,,,2,2,,,,,
"Jul 16, 2026",,USD,词组主干,词组主干 组,bathtub mat non slip,PHRASE,bathtub mat non slip,3892,13,0.33%,$1.10,$14.31,$161.27,,,6,6,,,,,
"Jul 17, 2026",,USD,词组主干,词组主干 组,bathtub mat non slip,PHRASE,bathtub mat non slip,2041,6,0.29%,$1.06,$6.37,$24.11,,,1,1,,,,,
"Jul 18, 2026",,USD,词组主干,词组主干 组,bathtub mat non slip,PHRASE,bathtub mat non slip,2379,9,0.38%,$1.10,$9.92,$24.11,,,1,1,,,,,
"Jul 19, 2026",,USD,词组主干,词组主干 组,bathtub mat non slip,PHRASE,bathtub mat non slip,1634,11,0.67%,$1.10,$12.12,$72.32,,,3,3,,,,,
"Jul 20, 2026",,USD,词组主干,词组主干 组,bathtub mat non slip,PHRASE,bathtub mat non slip,4682,21,0.45%,$1.10,$23.01,$24.11,,,1,1,,,,,
"Jul 21, 2026",,USD,词组主干,词组主干 组,bathtub mat non slip,PHRASE,bathtub mat non slip,8692,44,0.51%,$1.12,$49.21,$288.24,,,9,9,,,,,
"Jul 22, 2026",,USD,词组主干,词组主干 组,bathtub mat non slip,PHRASE,bathtub mat non slip,5408,26,0.48%,$1.12,$29.06,$158.14,,,4,5,,,,,
"Jul 23, 2026",,USD,词组主干,词组主干 组,bathtub mat non slip,PHRASE,bathtub mat non slip,4124,16,0.39%,$1.08,$17.21,$172.92,,,4,5,,,,,
"Jul 24, 2026",,USD,词组主干,词组主干 组,bathtub mat non slip,PHRASE,bathtub mat non slip,3406,26,0.76%,$1.09,$28.22,$0.00,,,0,0,,,,,
"Jul 25, 2026",,USD,词组主干,词组主干 组,bathtub mat non slip,PHRASE,bathtub mat non slip,4123,27,0.65%,$1.11,$30.07,$72.32,,,3,3,,,,,
"Jul 26, 2026",,USD,词组主干,词组主干 组,bathtub mat non slip,PHRASE,bathtub mat non slip,3346,20,0.6%,$1.12,$22.36,$48.21,,,2,2,,,,,
"Jul 27, 2026",,USD,词组主干,词组主干 组,bathtub mat non slip,PHRASE,bathtub mat non slip,8183,32,0.39%,$1.10,$35.27,$192.84,,,8,8,,,,,
"Jul 28, 2026",,USD,词组主干,词组主干 组,bathtub mat non slip,PHRASE,bathtub mat non slip,10458,47,0.45%,$1.11,$52.22,$88.95,,,3,3,,,,,
"Jul 29, 2026",,USD,词组主干,词组主干 组,bathtub mat non slip,PHRASE,bathtub mat non slip,7895,30,0.38%,$1.12,$33.67,$0.00,,,0,0,,,,,
"Jul 30, 2026",,USD,词组主干,词组主干 组,bathtub mat non slip,PHRASE,bathtub mat non slip,4949,37,0.75%,$1.11,$40.90,$272.74,,,10,10,,,,,
"Jul 31, 2026",,USD,词组主干,词组主干 组,bathtub mat non slip,PHRASE,bathtub mat non slip,3902,11,0.28%,$1.12,$12.29,$72.32,,,2,3,,,,,
"Aug 01, 2026",,USD,词组主干,词组主干 组,bathtub mat non slip,PHRASE,bathtub mat non slip,7522,33,0.44%,$1.10,$36.17,$216.95,,,9,9,,,,,
"Aug 02, 2026",,USD,词组主干,词组主干 组,bathtub mat non slip,PHRASE,bathtub mat non slip,8670,41,0.47%,$1.10,$45.00,$152.53,,,7,7,,,,,
"Jul 16, 2026",,USD,词组主干,词组主干 组,bathtub mat non slip,PHRASE,bathtub mat non slip 20 inch,20,2,10.0%,$1.10,$2.20,$48.21,,,2,2,,,,,
"Jul 09, 2026",,USD,词组主干,词组主干 组,bathtub mat non slip,PHRASE,bathtub mat non slip 28 inch,1,1,100.0%,$0.98,$0.98,$0.00,,,0,0,,,,,
"Jul 28, 2026",,USD,词组主干,词组主干 组,bathtub mat non slip,PHRASE,bathtub mat non slip 30 inch gray,14,1,7.14%,$0.98,$0.98,$0.00,,,0,0,,,,,
"Jul 25, 2026",,USD,词组主干,词组主干 组,bathtub mat non slip,PHRASE,bathtub mat non slip 30 inch,4,2,50.0%,$1.12,$2.24,$0.00,,,0,0,,,,,
"Jul 28, 2026",,USD,词组主干,词组主干 组,bathtub mat non slip,PHRASE,bathtub mat non slip size 4,26,3,11.54%,$1.11,$3.34,$24.11,,,1,1,,,,,
"Jul 18, 2026",,USD,词组主干,词组主干 组,bathtub mat non slip,PHRASE,bathtub mat non slip original shower floor,28,1,3.57%,$1.10,$1.10,$0.00,,,0,0,,,,,
"Jul 07, 2026",,USD,词组主干,词组主干 组,bathtub mat non slip,PHRASE,bathtub mat non slip dremo,4,1,25.0%,$0.98,$0.98,$0.00,,,0,0,,,,,
"Jul 17, 2026",,USD,词组主干,词组主干 组,bathtub mat non slip,PHRASE,bathtub mat non slip size size 7,8,4,50.0%,$1.10,$4.41,$0.00,,,0,0,,,,,
"Jul 31, 2026",,USD,词组主干,词组主干 组,bathtub mat non slip,PHRASE,bathtub mat non slip basic tub gripping,7,1,14.29%,$1.10,$1.10,$0.00,,,0,0,,,,,
"Jul 12, 2026",,USD,词组主干,词组主干 组,bathtub mat non slip,PHRASE,bathtub mat non slip machine washable,39,2,5.13%,$0.86,$1.72,$0.00,,,0,0,,,,,
"Jul 19, 2026",,USD,词组主干,词组主干 组,bathtub mat non slip,PHRASE,bathtub mat non slip machine washable,16,1,6.25%,$1.10,$1.10,$0.00,,,0,0,,,,,
"Jul 20, 2026",,USD,词组主干,词组主干 组,bathtub mat non slip,PHRASE,bathtub mat non slip machine washable,65,2,3.08%,$1.10,$2.20,$0.00,,,0,0,,,,,
"Jul 21, 2026",,USD,词组主干,词组主干 组,bathtub mat non slip,PHRASE,bathtub mat non slip machine washable,52,2,3.85%,$1.02,$2.04,$48.21,,,2,2,,,,,
"Jul 29, 2026",,USD,词组主干,词组主干 组,bathtub mat non slip,PHRASE,bathtub mat non slip machine washable,136,2,1.47%,$1.08,$2.16,$0.00,,,0,0,,,,,
"Jul 30, 2026",,USD,词组主干,词组主干 组,bathtub mat non slip,PHRASE,bathtub mat non slip machine washable,48,2,4.17%,$1.12,$2.24,$0.00,,,0,0,,,,,
"Jul 31, 2026",,USD,词组主干,词组主干 组,bathtub mat non slip,PHRASE,bathtub mat non slip with textured,9,2,22.22%,$1.12,$2.24,$0.00,,,0,0,,,,,
"Jul 12, 2026",,USD,词组主干,词组主干 组,bathtub mat non slip,PHRASE,bathtub mat non slip with suction cups,2,1,50.0%,$1.10,$1.10,$24.11,,,1,1,,,,,
"Jul 11, 2026",,USD,词组主干,词组主干 组,bathtub mat non slip,PHRASE,bathtub mat anti slip,211,5,2.37%,$1.10,$5.51,$0.00,,,0,0,,,,,
"Jul 17, 2026",,USD,词组主干,词组主干 组,bathtub mat non slip,PHRASE,bathtub mat anti slip,31,2,6.45%,$1.10,$2.20,$0.00,,,0,0,,,,,
"Jul 20, 2026",,USD,词组主干,词组主干 组,bathtub mat non slip,PHRASE,bathtub mat anti slip,105,1,0.95%,$1.10,$1.10,$0.00,,,0,0,,,,,
"Jul 21, 2026",,USD,词组主干,词组主干 组,bathtub mat non slip,PHRASE,bathtub mat anti slip,116,1,0.86%,$1.12,$1.12,$0.00,,,0,0,,,,,
"Jul 22, 2026",,USD,词组主干,词组主干 组,bathtub mat non slip,PHRASE,bathtub mat anti slip,160,1,0.62%,$1.12,$1.12,$0.00,,,0,0,,,,,
"Jul 23, 2026",,USD,词组主干,词组主干 组,bathtub mat non slip,PHRASE,bathtub mat anti slip,170,1,0.59%,$1.10,$1.10,$0.00,,,0,0,,,,,
"Jul 27, 2026",,USD,词组主干,词组主干 组,bathtub mat non slip,PHRASE,bathtub mat anti slip,264,4,1.52%,$1.12,$4.49,$0.00,,,0,0,,,,,
"Jul 28, 2026",,USD,词组主干,词组主干 组,bathtub mat non slip,PHRASE,bathtub mat anti slip,522,3,0.57%,$1.12,$3.37,$0.00,,,0,0,,,,,
"Jul 29, 2026",,USD,词组主干,词组主干 组,bathtub mat non slip,PHRASE,bathtub mat anti slip,359,4,1.11%,$1.12,$4.46,$48.21,,,2,2,,,,,
"Jul 30, 2026",,USD,词组主干,词组主干 组,bathtub mat non slip,PHRASE,bathtub mat anti slip,171,1,0.58%,$1.12,$1.12,$0.00,,,0,0,,,,,
"Aug 02, 2026",,USD,词组主干,词组主干 组,bathtub mat non slip,PHRASE,bathtub mat anti slip,125,2,1.6%,$1.12,$2.24,$0.00,,,0,0,,,,,
"Aug 02, 2026",,USD,词组主干,词组主干 组,bathtub mat non slip,PHRASE,bathtub mat anti slip runner rug,12,1,8.33%,$1.11,$1.11,$24.11,,,1,1,,,,,
"Jul 13, 2026",,USD,词组主干,词组主干 组,bathtub mat non slip,PHRASE,bathtub mat anti slip runner luxury 30 inch,1,1,100.0%,$1.10,$1.10,$0.00,,,0,0,,,,,
"Jul 26, 2026",,USD,词组主干,词组主干 组,bathtub mat non slip,PHRASE,bathtub mat anti slip quorra,8,2,25.0%,$1.12,$2.24,$0.00,,,0,0,,,,,
"Aug 02, 2026",,USD,词组主干,词组主干 组,bathtub mat non slip,PHRASE,apartment bathtub mat non slip,1,1,100.0%,$1.10,$1.10,$0.00,,,0,0,,,,,
"Jul 20, 2026",,USD,词组主干,词组主干 组,bathtub mat non slip,PHRASE,deluxe in shower bathtub mat non slip,1,1,100.0%,$0.88,$0.88,$0.00,,,0,0,,,,,
"Jul 23, 2026",,USD,词组主干,词组主干 组,bathtub mat non slip,PHRASE,wide nordic bathtub mat non slip,12,1,8.33%,$1.10,$1.10,$0.00,,,0,0,,,,,
"Jul 12, 2026",,USD,词组主干,词组主干 组,bathtub mat non slip,PHRASE,koverra bathtub mat non slip,18,1,5.56%,$1.10,$1.10,$0.00,,,0,0,,,,,
"Jul 21, 2026",,USD,词组主干,词组主干 组,bathtub mat non slip,PHRASE,koverra bathtub mat non slip,25,1,4.0%,$1.10,$1.10,$24.11,,,1,1,,,,,
"Aug 01, 2026",,USD,词组主干,词组主干 组,bathtub mat non slip,PHRASE,koverra bathtub mat non slip,12,1,8.33%,$1.10,$1.10,$0.00,,,0,0,,,,,
"Jul 31, 2026",,USD,词组主干,词组主干 组,bathtub mat non slip,PHRASE,koverra bathtub mat non slip all hotel comfort runner rugs,4,1,25.0%,$1.10,$1.10,$0.00,,,0,0,,,,,
"Jul 28, 2026",,USD,词组主干,词组主干 组,bathtub mat non slip,PHRASE,longer bathtub mat non slip,4,1,25.0%,$1.10,$1.10,$0.00,,,0,0,,,,,
"Jul 30, 2026",,USD,词组主干,词组主干 组,bathtub mat non slip,PHRASE,pack of 6 bathtub mat non slip,5,2,40.0%,$1.12,$2.24,$48.21,,,2,2,,,,,
"Jul 24, 2026",,USD,词组主干,词组主干 组,bathtub mat non slip,PHRASE,quick drying pebble bathtub mat anti slip,7,1,14.29%,$1.10,$1.10,$0.00,,,0,0,,,,,
"Jul 09, 2026",,USD,词组主干,词组主干 组,bathtub mat non slip,PHRASE,quick drying bathtub mat non slip,7,2,28.57%,$1.10,$2.20,$0.00,,,0,0,,,,,
"Jul 20, 2026",,USD,词组主干,词组主干 组,bathtub mat non slip,PHRASE,quick drying bathtub mat non slip,24,1,4.17%,$0.96,$0.96,$0.00,,,0,0,,,,,
"Jul 29, 2026",,USD,词组主干,词组主干 组,bathtub mat non slip,PHRASE,quick drying bathtub mat non slip,35,2,5.71%,$1.10,$2.20,$0.00,,,0,0,,,,,
"Aug 01, 2026",,USD,词组主干,词组主干 组,bathtub mat non slip,PHRASE,quick drying bathtub mat non slip,49,1,2.04%,$1.12,$1.12,$0.00,,,0,0,,,,,
"Aug 02, 2026",,USD,词组主干,词组主干 组,bathtub mat non slip,PHRASE,quick drying bathtub mat non slip,24,1,4.17%,$1.12,$1.12,$0.00,,,0,0,,,,,
"Jul 27, 2026",,USD,词组主干,词组主干 组,bathtub mat non slip,PHRASE,original bathtub mat anti slip,2,2,100.0%,$1.10,$2.20,$24.11,,,1,1,,,,,
"Jul 23, 2026",,USD,词组主干,词组主干 组,bathtub mat non slip,PHRASE,premium bathtub mat non slip,8,1,12.5%,$1.10,$1.10,$0.00,,,0,0,,,,,
"Jul 12, 2026",,USD,词组主干,词组主干 组,bathtub mat non slip,PHRASE,velmo bathtub mat non slip,9,1,11.11%,$1.10,$1.10,$0.00,,,0,0,,,,,
"Jul 28, 2026",,USD,词组主干,词组主干 组,bathtub mat non slip,PHRASE,velmo bathtub mat non slip,20,2,10.0%,$1.12,$2.24,$0.00,,,0,0,,,,,
"Aug 02, 2026",,USD,词组主干,词组主干 组,bathtub mat non slip,PHRASE,velmo bathtub mat non slip,68,3,4.41%,$1.12,$3.37,$35.20,,,1,1,,,,,
"Aug 01, 2026",,USD,词组主干,词组主干 组,bathtub mat non slip,PHRASE,walk in tub bathtub mat non slip,4,2,50.0%,$1.10,$2.20,$0.00,,,0,0,,,,,
"Jul 10, 2026",,USD,词组主干,词组主干 组,bathtub mat non slip,PHRASE,machine washable bathtub mat non slip,60,1,1.67%,$1.10,$1.10,$0.00,,,0,0,,,,,
"Jul 15, 2026",,USD,词组主干,词组主干 组,bathtub mat non slip,PHRASE,machine washable bathtub mat non slip,101,1,0.99%,$1.09,$1.09,$0.00,,,0,0,,,,,
"Jul 20, 2026",,USD,词组主干,词组主干 组,bathtub mat non slip,PHRASE,machine washable bathtub mat non slip,127,3,2.36%,$1.10,$3.31,$0.00,,,0,0,,,,,
"Aug 02, 2026",,USD,词组主干,词组主干 组,bathtub mat non slip,PHRASE,machine washable bathtub mat non slip,141,3,2.13%,$1.12,$3.37,$0.00,,,0,0,,,,,
"Aug 01, 2026",,USD,词组主干,词组主干 组,bathtub mat non slip,PHRASE,machine washable bathtub mat non slip rubber,7,2,28.57%,$1.10,$2.20,$0.00,,,0,0,,,,,
"Jul 31, 2026",,USD,词组主干,词组主干 组,bathtub mat non slip,PHRASE,machine washable bathtub mat anti slip,1,1,100.0%,$1.12,$1.12,$24.11,,,1,1,,,,,
"Jul 13, 2026",,USD,词组主干,词组主干 组,bathtub mat non slip,PHRASE,machine washable quick drying bathtub mat anti slip,1,1,100.0%,$1.10,$1.10,$0.00,,,0,0,,,,,
"Jul 18, 2026",,USD,词组主干,词组主干 组,bathtub mat non slip,PHRASE,machine washable walk in tub bathtub mat non slip,3,2,66.67%,$1.10,$2.20,$0.00,,,0,0,,,,,
"Jul 31, 2026",,USD,词组主干,词组主干 组,bathtub mat non slip,PHRASE,size xxx bathtub mat non slip,1,1,100.0%,$1.10,$1.10,$0.00,,,0,0,,,,,
"Jul 23, 2026",,USD,精确主干,精确主干 组,non slip bathtub mat,EXACT,anti slip bathtub mat,13,1,7.69%,$1.06,$1.06,$0.00,,,0,0,,,,,
"Jul 30, 2026",,USD,精确主干,精确主干 组,non slip bathtub mat,EXACT,anti slip bathtub mat,39,2,5.13%,$1.06,$2.12,$0.00,,,0,0,,,,,
"Aug 02, 2026",,USD,精确主干,精确主干 组,non slip bathtub mat,EXACT,anti slip bathtub mat,9,1,11.11%,$1.06,$1.06,$24.11,,,1,1,,,,,
"Jul 19, 2026",,USD,精确主干,精确主干 组,non slip bathtub mat,EXACT,nonslip bathtub mat,10,2,20.0%,$1.06,$2.12,$0.00,,,0,0,,,,,
"Jul 22, 2026",,USD,精确主干,精确主干 组,non slip bathtub mat,EXACT,nonslip bathtub mat,362,4,1.1%,$1.06,$4.24,$0.00,,,0,0,,,,,
"Jul 23, 2026",,USD,精确主干,精确主干 组,non slip bathtub mat,EXACT,nonslip bathtub mat,238,2,0.84%,$1.06,$2.12,$0.00,,,0,0,,,,,
"Jul 24, 2026",,USD,精确主干,精确主干 组,non slip bathtub mat,EXACT,nonslip bathtub mat,68,3,4.41%,$1.06,$3.18,$0.00,,,0,0,,,,,
"Jul 25, 2026",,USD,精确主干,精确主干 组,non slip bathtub mat,EXACT,nonslip bathtub mat,250,1,0.4%,$1.06,$1.06,$0.00,,,0,0,,,,,
"Jul 27, 2026",,USD,精确主干,精确主干 组,non slip bathtub mat,EXACT,nonslip bathtub mat,42,2,4.76%,$1.06,$2.12,$48.21,,,2,2,,,,,
"Jul 30, 2026",,USD,精确主干,精确主干 组,non slip bathtub mat,EXACT,nonslip bathtub mat,188,2,1.06%,$1.06,$2.12,$0.00,,,0,0,,,,,
"Jul 31, 2026",,USD,精确主干,精确主干 组,non slip bathtub mat,EXACT,nonslip bathtub mat,201,4,1.99%,$1.04,$4.17,$0.00,,,0,0,,,,,
"Jul 07, 2026",,USD,精确主干,精确主干 组,non slip bathtub mat,EXACT,non slip bathtub mat,236,2,0.85%,$0.94,$1.87,$0.00,,,0,0,,,,,
"Jul 25, 2026",,USD,精确主干,精确主干 组,non slip bathtub mat,EXACT,non slip bathtub mat,600,5,0.83%,$1.06,$5.30,$0.00,,,0,0,,,,,
"Jul 27, 2026",,USD,精确主干,精确主干 组,non slip bathtub mat,EXACT,non slip bathtub mat,462,5,1.08%,$1.06,$5.30,$0.00,,,0,0,,,,,
"Jul 28, 2026",,USD,精确主干,精确主干 组,non slip bathtub mat,EXACT,non slip bathtub mat,194,4,2.06%,$1.06,$4.24,$24.11,,,1,1,,,,,
"Jul 29, 2026",,USD,精确主干,精确主干 组,non slip bathtub mat,EXACT,non slip bathtub mat,51,1,1.96%,$1.06,$1.06,$0.00,,,0,0,,,,,
"Jul 30, 2026",,USD,精确主干,精确主干 组,non slip bathtub mat,EXACT,non slip bathtub mat,1029,2,0.19%,$1.06,$2.12,$0.00,,,0,0,,,,,
"Aug 02, 2026",,USD,精确主干,精确主干 组,non slip bathtub mat,EXACT,non slip bathtub mat,399,1,0.25%,$1.06,$1.06,$0.00,,,0,0,,,,,
"Jul 24, 2026",,USD,属性-防霉款,属性-防霉款 组,shower mildew resistant mat,BROAD,mildew resistant shower mat for kitchen bathtub,6,1,16.67%,$1.02,$1.02,$0.00,,,0,0,,,,,
"Jul 24, 2026",,USD,属性-防霉款,属性-防霉款 组,shower mildew resistant mat,BROAD,mildew resistant foldable shower mat,3,1,33.33%,$1.02,$1.02,$48.21,,,2,2,,,,,
"Jul 27, 2026",,USD,属性-防霉款,属性-防霉款 组,shower mildew resistant mat,BROAD,laundry mildew resistant shower mat,12,2,16.67%,$1.02,$2.04,$0.00,,,0,0,,,,,
"Jul 24, 2026",,USD,属性-防霉款,属性-防霉款 组,shower mildew resistant mat,BROAD,durable mildew resistant shower mat,16,1,6.25%,$1.02,$1.02,$0.00,,,0,0,,,,,
"Jul 27, 2026",,USD,属性-防霉款,属性-防霉款 组,shower mildew resistant mat,BROAD,anti slip shower mat mildew resistant,4,1,25.0%,$1.02,$1.02,$0.00,,,0,0,,,,,
"Jul 21, 2026",,USD,属性-防霉款,属性-防霉款 组,shower mildew resistant mat,BROAD,pellura shower runners,7,2,28.57%,$1.02,$2.04,$0.00,,,0,0,,,,,
"Jul 15, 2026",,USD,属性-防霉款,属性-防霉款 组,shower mildew resistant mat,BROAD,pellura shower mat mildew resistant,4,2,50.0%,$0.82,$1.64,$24.11,,,1,1,,,,,
"Jul 25, 2026",,USD,属性-防霉款,属性-防霉款 组,shower mildew resistant mat,BROAD,pellura shower mat mildew resistant,1,1,100.0%,$0.84,$0.84,$0.00,,,0,0,,,,,
"Jul 27, 2026",,USD,属性-防霉款,属性-防霉款 组,shower mildew resistant mat,BROAD,odorless shower mat mildew resistant,2,2,100.0%,$1.02,$2.04,$24.11,,,1,1,,,,,
"Jul 17, 2026",,USD,属性-防霉款,属性-防霉款 组,shower mildew resistant mat,BROAD,cindra travel walk in tub shower mat mildew resistant,2,1,50.0%,$0.82,$0.82,$0.00,,,0,0,,,,,
"Jul 17, 2026",,USD,属性-防霉款,属性-防霉款 组,shower mildew resistant mat,BROAD,cindra shower mat mildew resistant,166,2,1.2%,$0.82,$1.64,$0.00,,,0,0,,,,,
"Jul 19, 2026",,USD,属性-防霉款,属性-防霉款 组,shower mildew resistant mat,BROAD,cindra shower mat mildew resistant,317,1,0.32%,$0.82,$0.82,$0.00,,,0,0,,,,,
"Jul 20, 2026",,USD,属性-防霉款,属性-防霉款 组,shower mildew resistant mat,BROAD,cindra shower mat mildew resistant,302,3,0.99%,$0.82,$2.46,$0.00,,,0,0,,,,,
"Jul 21, 2026",,USD,属性-防霉款,属性-防霉款 组,shower mildew resistant mat,BROAD,cindra shower mat mildew resistant,313,1,0.32%,$0.77,$0.77,$0.00,,,0,0,,,,,
"Jul 21, 2026",,USD,属性-防霉款,属性-防霉款 组,shower mildew resistant mat,BROAD,cindra shower mat mildew resistant for bathtub,36,1,2.78%,$1.02,$1.02,$0.00,,,0,0,,,,,
"Jul 26, 2026",,USD,属性-防霉款,属性-防霉款 组,shower mildew resistant mat,BROAD,apartment shower mat mildew resistant,1,1,100.0%,$0.66,$0.66,$0.00,,,0,0,,,,,
"Jul 28, 2026",,USD,属性-吸盘款,属性-吸盘款 组,non slip shower mat machine washable with strong suction cups,BROAD,nonslip shower stall mat tub gripping runner rug,3,3,100.0%,$1.02,$3.06,$0.00,,,0,0,,,,,
"Jul 29, 2026",,USD,属性-吸盘款,属性-吸盘款 组,non slip shower mat machine washable with strong suction cups,BROAD,anti slip mat minimalist trusted with textured bath towel,1,1,100.0%,$1.02,$1.02,$0.00,,,0,0,,,,,
"Jul 29, 2026",,USD,属性-吸盘款,属性-吸盘款 组,non slip shower mat machine washable with strong suction cups,BROAD,pellura shower non slip mat,4,1,25.0%,$1.02,$1.02,$0.00,,,0,0,,,,,
"Aug 02, 2026",,USD,词组拓词,词组拓词 组,non skid bathtub mat,PHRASE,skid free non skid bathtub mat strong compact,7,2,28.57%,$0.94,$1.88,$0.00,,,0,0,,,,,
"Aug 02, 2026",,USD,词组拓词,词组拓词 组,non skid bathtub mat,PHRASE,skid free non skid bathtub mat with strong compact,4,1,25.0%,$1.11,$1.11,$0.00,,,0,0,,,,,
"Jul 11, 2026",,USD,词组拓词,词组拓词 组,non skid bathtub mat,PHRASE,non skid bathtub mat,142,1,0.7%,$1.45,$1.45,$0.00,,,0,0,,,,,
"Jul 12, 2026",,USD,词组拓词,词组拓词 组,non skid bathtub mat,PHRASE,non skid bathtub mat,408,2,0.49%,$1.84,$3.67,$0.00,,,0,0,,,,,
"Jul 13, 2026",,USD,词组拓词,词组拓词 组,non skid bathtub mat,PHRASE,non skid bathtub mat,726,7,0.96%,$1.57,$11.01,$0.00,,,0,0,,,,,
"Jul 14, 2026",,USD,词组拓词,词组拓词 组,non skid bathtub mat,PHRASE,non skid bathtub mat,24,2,8.33%,$0.94,$1.88,$0.00,,,0,0,,,,,
"Jul 20, 2026",,USD,词组拓词,词组拓词 组,non skid bathtub mat,PHRASE,non skid bathtub mat,24,1,4.17%,$1.22,$1.22,$67.50,,,2,2,,,,,
"Jul 30, 2026",,USD,词组拓词,词组拓词 组,non skid bathtub mat,PHRASE,non skid bathtub mat,26,1,3.85%,$1.22,$1.22,$0.00,,,0,0,,,,,
"Jul 23, 2026",,USD,词组拓词,词组拓词 组,non skid bathtub mat,PHRASE,non skid bathtub mat machine washable,15,2,13.33%,$1.08,$2.17,$24.11,,,1,1,,,,,
"Jul 22, 2026",,USD,词组拓词,词组拓词 组,non skid bathtub mat,PHRASE,kovera non skid bathtub mat,3,1,33.33%,$1.22,$1.22,$35.20,,,1,1,,,,,
"Aug 01, 2026",,USD,属性-吸盘款,属性-吸盘款 组,nonslip bathtub mat machine washable with suction cups,BROAD,non slip original bathtub mat,9,2,22.22%,$1.02,$2.04,$0.00,,,0,0,,,,,
"Jul 21, 2026",,USD,属性-吸盘款,属性-吸盘款 组,nonslip bathtub mat machine washable with suction cups,BROAD,non slip bathtub mat,19,1,5.26%,$1.02,$1.02,$48.21,,,2,2,,,,,
"Jul 21, 2026",,USD,属性-吸盘款,属性-吸盘款 组,machine washable bathtub runner rugs non slip with suction cups,BROAD,machine washable bathtub runner rugs non slip,137,1,0.73%,$1.02,$1.02,$0.00,,,0,0,,,,,
"Jul 24, 2026",,USD,精确主干,精确主干 组,nonslip bathtub mat machine washable,EXACT,anti slip bathtub mat machine washable,51,2,3.92%,$1.06,$2.12,$0.00,,,0,0,,,,,
"Jul 26, 2026",,USD,精确主干,精确主干 组,nonslip bathtub mat machine washable,EXACT,nonslip bathtub mat machine washable,108,2,1.85%,$1.06,$2.12,$0.00,,,0,0,,,,,
"Jul 07, 2026",,USD,精确主干,精确主干 组,nonslip bathtub mat machine washable,EXACT,non slip bathtub mat machine washable,43,1,2.33%,$0.98,$0.98,$0.00,,,0,0,,,,,
"Jul 13, 2026",,USD,精确主干,精确主干 组,nonslip bathtub mat machine washable,EXACT,non slip bathtub mat machine washable,37,1,2.7%,$1.06,$1.06,$0.00,,,0,0,,,,,
"Jul 17, 2026",,USD,精确主干,精确主干 组,nonslip bathtub mat machine washable,EXACT,non slip bathtub mat machine washable,34,2,5.88%,$1.06,$2.12,$0.00,,,0,0,,,,,
"Jul 23, 2026",,USD,精确主干,精确主干 组,nonslip bathtub mat machine washable,EXACT,non slip bathtub mat machine washable,196,1,0.51%,$1.06,$1.06,$0.00,,,0,0,,,,,
"Jul 24, 2026",,USD,精确主干,精确主干 组,nonslip bathtub mat machine washable,EXACT,non slip bathtub mat machine washable,61,2,3.28%,$1.06,$2.12,$0.00,,,0,0,,,,,
"Jul 25, 2026",,USD,精确主干,精确主干 组,nonslip bathtub mat machine washable,EXACT,non slip bathtub mat machine washable,761,9,1.18%,$1.06,$9.55,$0.00,,,0,0,,,,,
"Jul 26, 2026",,USD,精确主干,精确主干 组,nonslip bathtub mat machine washable,EXACT,non slip bathtub mat machine washable,1286,5,0.39%,$1.06,$5.30,$35.20,,,1,1,,,,,
"Jul 28, 2026",,USD,精确主干,精确主干 组,nonslip bathtub mat machine washable,EXACT,non slip bathtub mat machine washable,480,5,1.04%,$1.06,$5.30,$0.00,,,0,0,,,,,
"Jul 29, 2026",,USD,精确主干,精确主干 组,nonslip bathtub mat machine washable,EXACT,non slip bathtub mat machine washable,304,1,0.33%,$1.06,$1.06,$0.00,,,0,0,,,,,
"Jul 30, 2026",,USD,精确主干,精确主干 组,nonslip bathtub mat machine washable,EXACT,non slip bathtub mat machine washable,734,9,1.23%,$1.06,$9.55,$48.21,,,2,2,,,,,
"Jul 31, 2026",,USD,精确主干,精确主干 组,nonslip bathtub mat machine washable,EXACT,non slip bathtub mat machine washable,794,7,0.88%,$1.06,$7.43,$0.00,,,0,0,,,,,
"Jul 22, 2026",,USD,属性-防霉款,属性-防霉款 组,ulmaro non slip bathtub rugs mildew resistant,BROAD,ulmaro non slip bathtub mat,22,1,4.55%,$1.02,$1.02,$48.21,,,2,2,,,,,
"Jul 29, 2026",,USD,属性-防霉款,属性-防霉款 组,ulmaro non slip bathtub rugs mildew resistant,BROAD,home non slip mat bathtub,1,1,100.0%,$1.02,$1.02,$0.00,,,0,0,,,,,
"Jul 08, 2026",,USD,词组主干,词组主干 组,anti slip bathtub mat machine washable,PHRASE,non slip bathtub mat machine washable,128,1,0.78%,$0.98,$0.98,$0.00,,,0,0,,,,,
"Jul 12, 2026",,USD,词组主干,词组主干 组,anti slip bathtub mat machine washable,PHRASE,non slip bathtub mat machine washable,600,3,0.5%,$1.10,$3.31,$0.00,,,0,0,,,,,
"Jul 14, 2026",,USD,词组主干,词组主干 组,anti slip bathtub mat machine washable,PHRASE,non slip bathtub mat machine washable,421,7,1.66%,$1.10,$7.71,$0.00,,,0,0,,,,,
"Jul 12, 2026",,USD,词组主干,词组主干 组,shower stall runner rugs,PHRASE,5 slim shower stall runner rugs,1,1,100.0%,$0.81,$0.81,$48.21,,,2,2,,,,,
"Jul 12, 2026",,USD,词组主干,词组主干 组,shower stall runner rugs,PHRASE,big non slip shower stall runner rugs,4,2,50.0%,$1.10,$2.20,$0.00,,,0,0,,,,,
"Aug 02, 2026",,USD,词组主干,词组主干 组,shower stall runner rugs,PHRASE,apartment shower stall runner rugs non slip,4,1,25.0%,$1.04,$1.04,$0.00,,,0,0,,,,,
"Jul 17, 2026",,USD,词组主干,词组主干 组,shower stall runner rugs,PHRASE,mirabel non slip shower stall runner rugs,1,1,100.0%,$1.10,$1.10,$0.00,,,0,0,,,,,
"Jul 11, 2026",,USD,词组主干,词组主干 组,shower stall runner rugs,PHRASE,non slip shower stall runner rugs,6,2,33.33%,$1.10,$2.20,$0.00,,,0,0,,,,,
"Jul 24, 2026",,USD,词组主干,词组主干 组,shower stall runner rugs,PHRASE,kovera shower stall runner rugs,2,1,50.0%,$1.10,$1.10,$0.00,,,0,0,,,,,
"Jul 28, 2026",,USD,词组主干,词组主干 组,shower stall runner rugs,PHRASE,kovera shower stall runner rugs,4,1,25.0%,$0.98,$0.98,$0.00,,,0,0,,,,,
"Jul 13, 2026",,USD,词组主干,词组主干 组,shower stall runner rugs,PHRASE,slim guest shower stall runner rug deluxe,2,1,50.0%,$1.10,$1.10,$0.00,,,0,0,,,,,
"Jul 15, 2026",,USD,词组主干,词组主干 组,shower stall runner rugs,PHRASE,flexible lightweight shower stall runner rugs,4,1,25.0%,$1.10,$1.10,$0.00,,,0,0,,,,,
"Jul 21, 2026",,USD,属性-吸盘款,属性-吸盘款 组,bathtub runner rugs with trusted suction cups,BROAD,pellura shower runners,3,1,33.33%,$1.02,$1.02,$0.00,,,0,0,,,,,
"Jul 27, 2026",,USD,属性-吸盘款,属性-吸盘款 组,bathtub runner rugs with trusted suction cups,BROAD,pellura shower runners,10,1,10.0%,$1.02,$1.02,$0.00,,,0,0,,,,,
"Jul 24, 2026",,USD,词组拓词,词组拓词 组,runners for bathtub anti slip,PHRASE,runner for bathtub anti slip,2,2,100.0%,$1.36,$2.72,$0.00,,,0,0,,,,,
"Jul 26, 2026",,USD,词组拓词,词组拓词 组,runners for bathtub anti slip,PHRASE,runners bathtub non slip,1,1,100.0%,$1.36,$1.36,$0.00,,,0,0,,,,,
"Jul 14, 2026",,USD,词组拓词,词组拓词 组,runners for bathtub anti slip,PHRASE,rv runners for bathtub anti slip,2,1,50.0%,$1.05,$1.05,$0.00,,,0,0,,,,,
"Aug 02, 2026",,USD,词组拓词,词组拓词 组,runners for bathtub anti slip,PHRASE,kovera runners for bathtub anti slip,7,1,14.29%,$0.90,$0.90,$0.00,,,0,0,,,,,
"Jul 29, 2026",,USD,词组主干,词组主干 组,non slip mat for bathtub machine washable,PHRASE,non slip mat for bathtub machine washable,12,1,8.33%,$1.10,$1.10,$0.00,,,0,0,,,,,
"Aug 01, 2026",,USD,词组主干,词组主干 组,non slip mat for bathtub machine washable,PHRASE,non slip mat for bathtub machine washable,4,1,25.0%,$1.10,$1.10,$0.00,,,0,0,,,,,
"Jul 30, 2026",,USD,词组主干,词组主干 组,non slip mat for bathtub machine washable,PHRASE,non slip mat bathtub machine washable,16,3,18.75%,$1.10,$3.31,$0.00,,,0,0,,,,,
"Aug 02, 2026",,USD,词组主干,词组主干 组,non slip mat for bathtub machine washable,PHRASE,non slip mat bathtub machine washable,14,1,7.14%,$1.10,$1.10,$0.00,,,0,0,,,,,
"Jul 13, 2026",,USD,词组主干,词组主干 组,shower stall mat non slip,PHRASE,stylish stylish shower stall mat non slip,2,1,50.0%,$1.10,$1.10,$0.00,,,0,0,,,,,
"Aug 02, 2026",,USD,词组主干,词组主干 组,shower stall mat non slip,PHRASE,norvane shower stall mat anti slip,6,2,33.33%,$0.82,$1.64,$0.00,,,0,0,,,,,
"Aug 02, 2026",,USD,词组主干,词组主干 组,shower stall mat non slip,PHRASE,ulmaro shower stall mat anti slip,4,1,25.0%,$0.82,$0.82,$0.00,,,0,0,,,,,
"Jul 13, 2026",,USD,词组主干,词组主干 组,shower stall mat non slip,PHRASE,dremo shower stall mat non slip,4,1,25.0%,$1.10,$1.10,$0.00,,,0,0,,,,,
"Jul 10, 2026",,USD,词组主干,词组主干 组,shower stall mat non slip,PHRASE,mira and co shower stall mat non slip,3,2,66.67%,$1.10,$2.20,$0.00,,,0,0,,,,,
"Jul 18, 2026",,USD,词组主干,词组主干 组,shower stall mat non slip,PHRASE,large shower stall mat non slip tub floor,2,1,50.0%,$0.69,$0.69,$24.11,,,1,1,,,,,
"Jul 10, 2026",,USD,词组主干,词组主干 组,shower stall mat non slip,PHRASE,shower stall mat non slip,192,2,1.04%,$1.10,$2.20,$0.00,,,0,0,,,,,
"Jul 11, 2026",,USD,词组主干,词组主干 组,shower stall mat non slip,PHRASE,shower stall mat non slip,511,6,1.17%,$1.07,$6.44,$35.20,,,1,1,,,,,
"Jul 12, 2026",,USD,词组主干,词组主干 组,shower stall mat non slip,PHRASE,shower stall mat non slip,417,1,0.24%,$1.10,$1.10,$21.69,,,1,1,,,,,
"Jul 13, 2026",,USD,词组主干,词组主干 组,shower stall mat non slip,PHRASE,shower stall mat non slip,538,1,0.19%,$1.10,$1.10,$0.00,,,0,0,,,,,
"Jul 14, 2026",,USD,词组主干,词组主干 组,shower stall mat non slip,PHRASE,shower stall mat non slip,409,3,0.73%,$1.10,$3.31,$0.00,,,0,0,,,,,
"Jul 15, 2026",,USD,词组主干,词组主干 组,shower stall mat non slip,PHRASE,shower stall mat non slip,353,2,0.57%,$1.10,$2.20,$0.00,,,0,0,,,,,
"Jul 14, 2026",,USD,词组主干,词组主干 组,shower stall mat non slip,PHRASE,shower stall mat non slip premium,2,1,50.0%,$1.10,$1.10,$35.20,,,1,1,,,,,
"Jul 18, 2026",,USD,词组主干,词组主干 组,shower stall mat non slip,PHRASE,shower stall mat non slip flexible,3,2,66.67%,$0.82,$1.64,$0.00,,,0,0,,,,,
"Jul 31, 2026",,USD,词组主干,词组主干 组,shower stall mat non slip,PHRASE,shower stall mat non slip extra long,2,1,50.0%,$0.82,$0.82,$0.00,,,0,0,,,,,
"Jul 09, 2026",,USD,词组主干,词组主干 组,shower stall mat non slip,PHRASE,zentab shower stall mat non slip,41,2,4.88%,$0.98,$1.96,$0.00,,,0,0,,,,,
"Jul 11, 2026",,USD,词组主干,词组主干 组,shower stall mat non slip,PHRASE,zentab shower stall mat non slip,68,1,1.47%,$1.10,$1.10,$0.00,,,0,0,,,,,
"Jul 13, 2026",,USD,词组主干,词组主干 组,shower stall mat non slip,PHRASE,zentab shower stall mat non slip,110,1,0.91%,$1.04,$1.04,$0.00,,,0,0,,,,,
"Jul 14, 2026",,USD,词组主干,词组主干 组,shower stall mat non slip,PHRASE,zentab shower stall mat non slip,123,3,2.44%,$1.10,$3.31,$48.21,,,2,2,,,,,
"Jul 16, 2026",,USD,词组主干,词组主干 组,shower stall mat non slip,PHRASE,zentab shower stall mat non slip,48,1,2.08%,$0.82,$0.82,$0.00,,,0,0,,,,,
"Jul 18, 2026",,USD,词组主干,词组主干 组,shower stall mat non slip,PHRASE,zentab shower stall mat non slip,52,1,1.92%,$0.73,$0.73,$0.00,,,0,0,,,,,
"Jul 24, 2026",,USD,词组主干,词组主干 组,shower stall mat non slip,PHRASE,zentab shower stall mat non slip,57,4,7.02%,$0.82,$3.30,$0.00,,,0,0,,,,,
"Jul 29, 2026",,USD,词组主干,词组主干 组,shower stall mat non slip,PHRASE,zentab shower stall mat non slip,62,1,1.61%,$0.82,$0.82,$48.21,,,2,2,,,,,
"Jul 31, 2026",,USD,词组主干,词组主干 组,shower stall mat non slip,PHRASE,zentab shower stall mat non slip,31,1,3.23%,$0.84,$0.84,$0.00,,,0,0,,,,,
"Jul 24, 2026",,USD,词组主干,词组主干 组,shower stall mat non slip,PHRASE,jadeclaw in shower resistant mat non slip,8,1,12.5%,$0.82,$0.82,$0.00,,,0,0,,,,,
"Jul 27, 2026",,USD,词组主干,词组主干 组,shower stall mat non slip,PHRASE,jadeclaw in shower resistant mat non slip,4,1,25.0%,$0.82,$0.82,$0.00,,,0,0,,,,,
"Jul 14, 2026",,USD,词组主干,词组主干 组,shower stall mat non slip,PHRASE,nordic shower stall mat anti slip,7,1,14.29%,$1.10,$1.10,$0.00,,,0,0,,,,,
"Jul 24, 2026",,USD,属性-吸盘款,属性-吸盘款 组,non slip shower stall mat strong and original with suction cups,BROAD,shower runner rugs non slip 5 inch,8,1,12.5%,$1.02,$1.02,$24.11,,,1,1,,,,,
"Jul 29, 2026",,USD,属性-吸盘款,属性-吸盘款 组,non slip shower stall mat strong and original with suction cups,BROAD,pellura shower non slip mat,9,1,11.11%,$1.02,$1.02,$0.00,,,0,0,,,,,
"Jul 24, 2026",,USD,词组拓词,词组拓词 组,bathtub rugs non slip,PHRASE,size 3 bathtub rugs non slip,8,2,25.0%,$1.36,$2.72,$0.00,,,0,0,,,,,
"Jul 28, 2026",,USD,词组拓词,词组拓词 组,bathtub rugs non slip,PHRASE,size 3 bathtub rugs non slip,6,2,33.33%,$1.36,$2.72,$48.21,,,2,2,,,,,
"Jul 19, 2026",,USD,词组拓词,词组拓词 组,bathtub rugs non slip,PHRASE,dorm bathtub rug non slip,13,1,7.69%,$1.36,$1.36,$0.00,,,0,0,,,,,
"Jul 25, 2026",,USD,词组拓词,词组拓词 组,bathtub rugs non slip,PHRASE,original bathtub rugs non slip,2,2,100.0%,$1.36,$2.72,$0.00,,,0,0,,,,,
"Jul 21, 2026",,USD,词组拓词,词组拓词 组,bathtub rugs non slip,PHRASE,rubber bathtub rugs non slip no stylish,15,1,6.67%,$0.81,$0.81,$0.00,,,0,0,,,,,
"Jul 13, 2026",,USD,词组拓词,词组拓词 组,bathtub rugs non slip,PHRASE,quorras bathtub rugs non slip,3,1,33.33%,$1.16,$1.16,$0.00,,,0,0,,,,,
"Jul 15, 2026",,USD,词组拓词,词组拓词 组,bathtub rugs non slip,PHRASE,compact bathtub rugs non slip,4,1,25.0%,$1.05,$1.05,$0.00,,,0,0,,,,,
"Jul 08, 2026",,USD,词组拓词,词组拓词 组,bathtub rugs non slip,PHRASE,bathtub rugs non slip,686,4,0.58%,$1.20,$4.78,$0.00,,,0,0,,,,,
"Jul 09, 2026",,USD,词组拓词,词组拓词 组,bathtub rugs non slip,PHRASE,bathtub rugs non slip,845,4,0.47%,$1.13,$4.52,$21.69,,,1,1,,,,,
"Jul 10, 2026",,USD,词组拓词,词组拓词 组,bathtub rugs non slip,PHRASE,bathtub rugs non slip,2056,6,0.29%,$1.50,$8.99,$48.21,,,2,2,,,,,
"Jul 11, 2026",,USD,词组拓词,词组拓词 组,bathtub rugs non slip,PHRASE,bathtub rugs non slip,2141,20,0.93%,$1.57,$31.46,$294.62,,,11,12,,,,,
"Jul 12, 2026",,USD,词组拓词,词组拓词 组,bathtub rugs non slip,PHRASE,bathtub rugs non slip,1016,10,0.98%,$1.54,$15.38,$35.20,,,1,1,,,,,
"Jul 13, 2026",,USD,词组拓词,词组拓词 组,bathtub rugs non slip,PHRASE,bathtub rugs non slip,1820,14,0.77%,$1.56,$21.85,$48.21,,,2,2,,,,,
"Jul 14, 2026",,USD,词组拓词,词组拓词 组,bathtub rugs non slip,PHRASE,bathtub rugs non slip,210,2,0.95%,$0.78,$1.57,$0.00,,,0,0,,,,,
"Jul 15, 2026",,USD,词组拓词,词组拓词 组,bathtub rugs non slip,PHRASE,bathtub rugs non slip,229,2,0.87%,$1.05,$2.10,$0.00,,,0,0,,,,,
"Jul 17, 2026",,USD,词组拓词,词组拓词 组,bathtub rugs non slip,PHRASE,bathtub rugs non slip,607,2,0.33%,$1.05,$2.10,$0.00,,,0,0,,,,,
"Jul 18, 2026",,USD,词组拓词,词组拓词 组,bathtub rugs non slip,PHRASE,bathtub rugs non slip,355,3,0.85%,$1.05,$3.15,$35.20,,,1,1,,,,,
"Jul 19, 2026",,USD,词组拓词,词组拓词 组,bathtub rugs non slip,PHRASE,bathtub rugs non slip,265,6,2.26%,$1.11,$6.66,$125.11,,,3,4,,,,,
"Jul 21, 2026",,USD,词组拓词,词组拓词 组,bathtub rugs non slip,PHRASE,bathtub rugs non slip,449,1,0.22%,$1.05,$1.05,$0.00,,,0,0,,,,,
"Jul 22, 2026",,USD,词组拓词,词组拓词 组,bathtub rugs non slip,PHRASE,bathtub rugs non slip,386,7,1.81%,$1.36,$9.52,$0.00,,,0,0,,,,,
"Jul 23, 2026",,USD,词组拓词,词组拓词 组,bathtub rugs non slip,PHRASE,bathtub rugs non slip,444,6,1.35%,$1.20,$7.23,$0.00,,,0,0,,,,,
"Jul 24, 2026",,USD,词组拓词,词组拓词 组,bathtub rugs non slip,PHRASE,bathtub rugs non slip,693,3,0.43%,$1.05,$3.15,$24.11,,,1,1,,,,,
"Jul 25, 2026",,USD,词组拓词,词组拓词 组,bathtub rugs non slip,PHRASE,bathtub rugs non slip,480,14,2.92%,$1.13,$15.87,$96.42,,,4,4,,,,,
"Jul 26, 2026",,USD,词组拓词,词组拓词 组,bathtub rugs non slip,PHRASE,bathtub rugs non slip,421,4,0.95%,$1.13,$4.51,$0.00,,,0,0,,,,,
"Jul 27, 2026",,USD,词组拓词,词组拓词 组,bathtub rugs non slip,PHRASE,bathtub rugs non slip,314,3,0.96%,$1.15,$3.46,$0.00,,,0,0,,,,,
"Jul 28, 2026",,USD,词组拓词,词组拓词 组,bathtub rugs non slip,PHRASE,bathtub rugs non slip,102,1,0.98%,$1.36,$1.36,$0.00,,,0,0,,,,,
"Jul 29, 2026",,USD,词组拓词,词组拓词 组,bathtub rugs non slip,PHRASE,bathtub rugs non slip,189,2,1.06%,$1.20,$2.41,$0.00,,,0,0,,,,,
"Jul 30, 2026",,USD,词组拓词,词组拓词 组,bathtub rugs non slip,PHRASE,bathtub rugs non slip,701,9,1.28%,$1.18,$10.64,$0.00,,,0,0,,,,,
"Jul 31, 2026",,USD,词组拓词,词组拓词 组,bathtub rugs non slip,PHRASE,bathtub rugs non slip,243,1,0.41%,$1.36,$1.36,$0.00,,,0,0,,,,,
"Aug 01, 2026",,USD,词组拓词,词组拓词 组,bathtub rugs non slip,PHRASE,bathtub rugs non slip,65,3,4.62%,$1.36,$4.08,$0.00,,,0,0,,,,,
"Aug 02, 2026",,USD,词组拓词,词组拓词 组,bathtub rugs non slip,PHRASE,bathtub rugs non slip,95,4,4.21%,$1.24,$4.95,$0.00,,,0,0,,,,,
"Jul 10, 2026",,USD,词组拓词,词组拓词 组,bathtub rugs non slip,PHRASE,bathtub rugs non slip size 2,17,2,11.76%,$1.58,$3.15,$0.00,,,0,0,,,,,
"Jul 26, 2026",,USD,词组拓词,词组拓词 组,bathtub rugs non slip,PHRASE,bathtub rugs non slip mildew resistant,4,2,50.0%,$1.04,$2.09,$0.00,,,0,0,,,,,
"Jul 26, 2026",,USD,词组拓词,词组拓词 组,bathtub rugs non slip,PHRASE,bathtub rugs non slip dorm,3,1,33.33%,$1.36,$1.36,$0.00,,,0,0,,,,,
"Jul 25, 2026",,USD,词组拓词,词组拓词 组,bathtub rugs non slip,PHRASE,bathtub rugs non slip with strong suction cups and strong to original comfort,4,1,25.0%,$1.05,$1.05,$0.00,,,0,0,,,,,
"Jul 26, 2026",,USD,词组拓词,词组拓词 组,bathtub rugs non slip,PHRASE,bathtub rugs non slip full basic thick tub grip best natural,3,1,33.33%,$1.36,$1.36,$0.00,,,0,0,,,,,
"Jul 26, 2026",,USD,词组拓词,词组拓词 组,bathtub rugs non slip,PHRASE,bathtub rugs non slip thick tub grip best natural,2,1,50.0%,$1.36,$1.36,$0.00,,,0,0,,,,,
"Jul 25, 2026",,USD,词组拓词,词组拓词 组,bathtub rugs non slip,PHRASE,bathtub rugs anti slip,5,1,20.0%,$1.05,$1.05,$48.21,,,2,2,,,,,
"Jul 28, 2026",,USD,词组拓词,词组拓词 组,bathtub rugs non slip,PHRASE,maximum tub grip bathtub rugs anti slip,1,1,100.0%,$1.36,$1.36,$0.00,,,0,0,,,,,
"Jul 12, 2026",,USD,词组拓词,词组拓词 组,bathtub rugs non slip,PHRASE,kovera bathtub rugs non slip,4,2,50.0%,$2.10,$4.19,$0.00,,,0,0,,,,,
"Jul 23, 2026",,USD,词组拓词,词组拓词 组,bathtub rugs non slip,PHRASE,kovera bathtub rugs non slip,7,1,14.29%,$1.36,$1.36,$0.00,,,0,0,,,,,
"Jul 27, 2026",,USD,词组拓词,词组拓词 组,bathtub rugs non slip,PHRASE,kovera bathtub rugs non slip,16,1,6.25%,$1.25,$1.25,$0.00,,,0,0,,,,,
"Jul 28, 2026",,USD,词组拓词,词组拓词 组,bathtub rugs non slip,PHRASE,kovera bathtub rugs non slip,39,1,2.56%,$1.17,$1.17,$21.69,,,1,1,,,,,
"Jul 21, 2026",,USD,词组拓词,词组拓词 组,bathtub rugs non slip,PHRASE,modern bathtub rugs non slip,2,1,50.0%,$1.36,$1.36,$0.00,,,0,0,,,,,
"Jul 19, 2026",,USD,词组拓词,词组拓词 组,bathtub rugs non slip,PHRASE,stylish up bathtub rugs non slip,11,1,9.09%,$1.05,$1.05,$0.00,,,0,0,,,,,
"Jul 24, 2026",,USD,词组拓词,词组拓词 组,bathtub rugs non slip,PHRASE,machine washable bathtub rugs anti slip medium firm tub grip,10,1,10.0%,$1.36,$1.36,$0.00,,,0,0,,,,,
"Jul 27, 2026",,USD,词组拓词,词组拓词 组,bathtub rugs non slip,PHRASE,with strong to corner in shower comfort machine washable quick drying rubber bathtub rugs non slip thick easy clean tub in shower,5,2,40.0%,$1.34,$2.67,$24.11,,,1,1,,,,,
"Jul 26, 2026",,USD,词组拓词,词组拓词 组,bathtub bath mat non slip,PHRASE,bathtub bath mat anti slip,3,1,33.33%,$1.36,$1.36,$0.00,,,0,0,,,,,
"Jul 20, 2026",,USD,属性-吸盘款,属性-吸盘款 组,non slip bathtub mat with suction cups,BROAD,ultra non slip bathtub mat,5,1,20.0%,$0.90,$0.90,$0.00,,,0,0,,,,,
"Jul 19, 2026",,USD,属性-吸盘款,属性-吸盘款 组,non slip bathtub mat with suction cups,BROAD,non slip bathtub mat,3,1,33.33%,$0.90,$0.90,$0.00,,,0,0,,,,,
"Jul 31, 2026",,USD,属性-吸盘款,属性-吸盘款 组,non slip bathtub mat with suction cups,BROAD,koveras bathtub mat 30 inch,1,1,100.0%,$1.02,$1.02,$0.00,,,0,0,,,,,
"Jul 30, 2026",,USD,属性-吸盘款,属性-吸盘款 组,non slip bathtub mat with suction cups,BROAD,longer bathtub mat non slip,2,1,50.0%,$1.02,$1.02,$0.00,,,0,0,,,,,
"Jul 19, 2026",,USD,广泛大词,广泛大词 组,bathtub mat non slip,BROAD,25 inch non slip bathtub mat thick,6,2,33.33%,$1.10,$2.20,$48.21,,,1,2,,,,,
"Jul 16, 2026",,USD,广泛大词,广泛大词 组,bathtub mat non slip,BROAD,size 2 non slip bathtub mat,1,1,100.0%,$1.10,$1.10,$0.00,,,0,0,,,,,
"Jul 22, 2026",,USD,广泛大词,广泛大词 组,bathtub mat non slip,BROAD,30 inch bathtub mat non slip,2,1,50.0%,$1.10,$1.10,$0.00,,,0,0,,,,,
"Jul 21, 2026",,USD,广泛大词,广泛大词 组,bathtub mat non slip,BROAD,30 inch non slip bathtub mat,5,1,20.0%,$1.10,$1.10,$48.21,,,2,2,,,,,
"Jul 22, 2026",,USD,广泛大词,广泛大词 组,bathtub mat non slip,BROAD,30 inch non slip bathtub mat,6,1,16.67%,$1.16,$1.16,$0.00,,,0,0,,,,,
"Jul 22, 2026",,USD,广泛大词,广泛大词 组,bathtub mat non slip,BROAD,skid free original bathtub mat non slip,5,1,20.0%,$1.16,$1.16,$0.00,,,0,0,,,,,
"Jul 13, 2026",,USD,广泛大词,广泛大词 组,bathtub mat non slip,BROAD,skid free bathtub mat anti slip,188,2,1.06%,$1.10,$2.20,$0.00,,,0,0,,,,,
"Jul 14, 2026",,USD,广泛大词,广泛大词 组,bathtub mat non slip,BROAD,skid free bathtub mat anti slip,261,1,0.38%,$1.07,$1.07,$0.00,,,0,0,,,,,
"Jul 15, 2026",,USD,广泛大词,广泛大词 组,bathtub mat non slip,BROAD,skid free bathtub mat anti slip,193,2,1.04%,$1.10,$2.20,$0.00,,,0,0,,,,,
"Jul 16, 2026",,USD,广泛大词,广泛大词 组,bathtub mat non slip,BROAD,skid free bathtub mat anti slip,133,1,0.75%,$1.09,$1.09,$0.00,,,0,0,,,,,
"Jul 17, 2026",,USD,广泛大词,广泛大词 组,bathtub mat non slip,BROAD,skid free bathtub mat anti slip,365,1,0.27%,$1.01,$1.01,$0.00,,,0,0,,,,,
"Jul 18, 2026",,USD,广泛大词,广泛大词 组,bathtub mat non slip,BROAD,skid free bathtub mat anti slip,255,2,0.78%,$1.10,$2.20,$0.00,,,0,0,,,,,
"Jul 20, 2026",,USD,广泛大词,广泛大词 组,bathtub mat non slip,BROAD,skid free bathtub mat anti slip,244,1,0.41%,$1.10,$1.10,$0.00,,,0,0,,,,,
"Jul 22, 2026",,USD,广泛大词,广泛大词 组,bathtub mat non slip,BROAD,skid free bathtub mat anti slip,47,1,2.13%,$1.10,$1.10,$0.00,,,0,0,,,,,
"Aug 02, 2026",,USD,广泛大词,广泛大词 组,bathtub mat non slip,BROAD,skid free non skid apartment shower stall strips,5,2,40.0%,$1.10,$2.20,$0.00,,,0,0,,,,,
"Jul 20, 2026",,USD,广泛大词,广泛大词 组,bathtub mat non slip,BROAD,skid free non slip safety spa mat,2,1,50.0%,$1.16,$1.16,$0.00,,,0,0,,,,,
"Jul 20, 2026",,USD,广泛大词,广泛大词 组,bathtub mat non slip,BROAD,tub grip rugs,1,1,100.0%,$1.00,$1.00,$0.00,,,0,0,,,,,
"Jul 19, 2026",,USD,广泛大词,广泛大词 组,bathtub mat non slip,BROAD,nordic non slip bathtub mat,28,1,3.57%,$1.10,$1.10,$0.00,,,0,0,,,,,
"Jul 16, 2026",,USD,广泛大词,广泛大词 组,bathtub mat non slip,BROAD,nordly bathtub mat non slip,3,2,66.67%,$1.16,$2.31,$24.11,,,1,1,,,,,
"Jul 22, 2026",,USD,广泛大词,广泛大词 组,bathtub mat non slip,BROAD,nordly bathtub mat non slip,3,1,33.33%,$1.16,$1.16,$0.00,,,0,0,,,,,
"Aug 01, 2026",,USD,广泛大词,广泛大词 组,bathtub mat non slip,BROAD,nordly bathtub mat non slip,23,2,8.7%,$0.53,$1.06,$24.11,,,1,1,,,,,
"Jul 29, 2026",,USD,广泛大词,广泛大词 组,bathtub mat non slip,BROAD,trusted nonslip bathtub mat,12,1,8.33%,$1.10,$1.10,$0.00,,,0,0,,,,,
"Jul 17, 2026",,USD,广泛大词,广泛大词 组,bathtub mat non slip,BROAD,mildew resistant bathtub mat non slip,40,2,5.0%,$1.10,$2.20,$24.11,,,1,1,,,,,
"Jul 19, 2026",,USD,广泛大词,广泛大词 组,bathtub mat non slip,BROAD,mildew resistant bathtub mat non slip,25,1,4.0%,$1.10,$1.10,$0.00,,,0,0,,,,,
"Jul 15, 2026",,USD,广泛大词,广泛大词 组,bathtub mat non slip,BROAD,best nonslip stylish up toilet brushes,2,1,50.0%,$1.10,$1.10,$0.00,,,0,0,,,,,
"Jul 30, 2026",,USD,广泛大词,广泛大词 组,bathtub mat non slip,BROAD,best non slip bathtub mat,6,2,33.33%,$1.10,$2.20,$108.47,,,3,4,,,,,
"Aug 01, 2026",,USD,广泛大词,广泛大词 组,bathtub mat non slip,BROAD,best non slip bathtub mat,2,1,50.0%,$1.10,$1.10,$0.00,,,0,0,,,,,
"Jul 24, 2026",,USD,广泛大词,广泛大词 组,bathtub mat non slip,BROAD,tub in shower mat non slip,1,1,100.0%,$1.16,$1.16,$0.00,,,0,0,,,,,
"Jul 29, 2026",,USD,广泛大词,广泛大词 组,bathtub mat non slip,BROAD,pierline shower mat,4,3,75.0%,$1.14,$3.42,$0.00,,,0,0,,,,,
"Jul 24, 2026",,USD,广泛大词,广泛大词 组,bathtub mat non slip,BROAD,textured max runner rug bathtub,2,1,50.0%,$1.16,$1.16,$0.00,,,0,0,,,,,
"Jul 12, 2026",,USD,广泛大词,广泛大词 组,bathtub mat non slip,BROAD,halvex non slip bathtub mat,98,1,1.02%,$1.10,$1.10,$0.00,,,0,0,,,,,
"Jul 13, 2026",,USD,广泛大词,广泛大词 组,bathtub mat non slip,BROAD,halvex non slip bathtub mat,254,1,0.39%,$1.10,$1.10,$0.00,,,0,0,,,,,
"Jul 14, 2026",,USD,广泛大词,广泛大词 组,bathtub mat non slip,BROAD,halvex non slip bathtub mat,149,2,1.34%,$1.10,$2.20,$0.00,,,0,0,,,,,
"Jul 15, 2026",,USD,广泛大词,广泛大词 组,bathtub mat non slip,BROAD,halvex non slip bathtub mat,178,2,1.12%,$1.10,$2.20,$0.00,,,0,0,,,,,
"Jul 18, 2026",,USD,广泛大词,广泛大词 组,bathtub mat non slip,BROAD,halvex non slip bathtub mat,372,4,1.08%,$1.09,$4.36,$0.00,,,0,0,,,,,
"Jul 19, 2026",,USD,广泛大词,广泛大词 组,bathtub mat non slip,BROAD,halvex non slip bathtub mat,434,2,0.46%,$1.10,$2.20,$0.00,,,0,0,,,,,
"Jul 20, 2026",,USD,广泛大词,广泛大词 组,bathtub mat non slip,BROAD,halvex non slip bathtub mat,173,4,2.31%,$1.08,$4.34,$70.39,,,2,2,,,,,
"Jul 25, 2026",,USD,广泛大词,广泛大词 组,bathtub mat non slip,BROAD,halvex non slip bathtub mat,155,2,1.29%,$1.10,$2.20,$0.00,,,0,0,,,,,
"Jul 26, 2026",,USD,广泛大词,广泛大词 组,bathtub mat non slip,BROAD,halvex non slip bathtub mat,192,2,1.04%,$1.10,$2.20,$0.00,,,0,0,,,,,
"Jul 29, 2026",,USD,广泛大词,广泛大词 组,bathtub mat non slip,BROAD,halvex non slip bathtub mat,94,2,2.13%,$1.16,$2.31,$0.00,,,0,0,,,,,
"Jul 29, 2026",,USD,广泛大词,广泛大词 组,bathtub mat non slip,BROAD,halvex non slip bathtub mat machine washable shower stall textured,4,3,75.0%,$1.16,$3.47,$0.00,,,0,0,,,,,
"Jul 26, 2026",,USD,广泛大词,广泛大词 组,bathtub mat non slip,BROAD,halvex machine washable bathtub mat pebble anti slip,5,3,60.0%,$1.16,$3.47,$0.00,,,0,0,,,,,
"Jul 11, 2026",,USD,广泛大词,广泛大词 组,bathtub mat non slip,BROAD,halvex machine washable bathtub mat non slip,13,1,7.69%,$1.10,$1.10,$0.00,,,0,0,,,,,
"Jul 26, 2026",,USD,广泛大词,广泛大词 组,bathtub mat non slip,BROAD,halvex machine washable bathtub mat non slip,5,1,20.0%,$1.16,$1.16,$0.00,,,0,0,,,,,
"Jul 30, 2026",,USD,广泛大词,广泛大词 组,bathtub mat non slip,BROAD,halvex machine washable bathtub mat non slip,32,1,3.12%,$1.10,$1.10,$0.00,,,0,0,,,,,
"Jul 31, 2026",,USD,广泛大词,广泛大词 组,bathtub mat non slip,BROAD,halvex machine washable bathtub mat non slip,9,2,22.22%,$1.10,$2.20,$24.11,,,1,1,,,,,
"Aug 01, 2026",,USD,广泛大词,广泛大词 组,bathtub mat non slip,BROAD,halvex machine washable bathtub mat non slip,2,1,50.0%,$1.10,$1.10,$0.00,,,0,0,,,,,
"Aug 02, 2026",,USD,广泛大词,广泛大词 组,bathtub mat non slip,BROAD,halvex machine washable bathtub mat non slip,11,1,9.09%,$1.10,$1.10,$0.00,,,0,0,,,,,
"Jul 26, 2026",,USD,广泛大词,广泛大词 组,bathtub mat non slip,BROAD,shower curtain mat non slip,2,1,50.0%,$1.16,$1.16,$0.00,,,0,0,,,,,
"Jul 14, 2026",,USD,广泛大词,广泛大词 组,bathtub mat non slip,BROAD,easy clean non slip bathtub mat,2,1,50.0%,$1.10,$1.10,$0.00,,,0,0,,,,,
"Jul 29, 2026",,USD,广泛大词,广泛大词 组,bathtub mat non slip,BROAD,comfitra non slip quick drying bathtub mat,1,1,100.0%,$1.16,$1.16,$0.00,,,0,0,,,,,
"Jul 20, 2026",,USD,广泛大词,广泛大词 组,bathtub mat non slip,BROAD,rubber bathtub mat with suction cups non slip,1,1,100.0%,$1.16,$1.16,$0.00,,,0,0,,,,,
"Jul 30, 2026",,USD,广泛大词,广泛大词 组,bathtub mat non slip,BROAD,quorra trusted,2,1,50.0%,$1.10,$1.10,$0.00,,,0,0,,,,,
"Jul 27, 2026",,USD,广泛大词,广泛大词 组,bathtub mat non slip,BROAD,quorras,1,1,100.0%,$1.16,$1.16,$0.00,,,0,0,,,,,
"Jul 13, 2026",,USD,广泛大词,广泛大词 组,bathtub mat non slip,BROAD,quorras non slip,190,1,0.53%,$1.10,$1.10,$24.11,,,1,1,,,,,
"Jul 18, 2026",,USD,广泛大词,广泛大词 组,bathtub mat non slip,BROAD,quorras non slip,101,2,1.98%,$1.10,$2.20,$0.00,,,0,0,,,,,
"Jul 22, 2026",,USD,广泛大词,广泛大词 组,bathtub mat non slip,BROAD,quorras non slip,287,3,1.05%,$1.13,$3.39,$0.00,,,0,0,,,,,
"Jul 25, 2026",,USD,广泛大词,广泛大词 组,bathtub mat non slip,BROAD,quorras non slip,66,1,1.52%,$1.10,$1.10,$0.00,,,0,0,,,,,
"Jul 26, 2026",,USD,广泛大词,广泛大词 组,bathtub mat non slip,BROAD,quorras non slip,115,1,0.87%,$1.10,$1.10,$0.00,,,0,0,,,,,
"Jul 30, 2026",,USD,广泛大词,广泛大词 组,bathtub mat non slip,BROAD,quorras non slip,143,3,2.1%,$1.10,$3.31,$0.00,,,0,0,,,,,
"Aug 02, 2026",,USD,广泛大词,广泛大词 组,bathtub mat non slip,BROAD,quorras non slip,153,3,1.96%,$1.10,$3.31,$24.11,,,1,1,,,,,
"Jul 27, 2026",,USD,广泛大词,广泛大词 组,bathtub mat non slip,BROAD,quorras non slip large extra long,2,1,50.0%,$1.16,$1.16,$0.00,,,0,0,,,,,
"Jul 31, 2026",,USD,广泛大词,广泛大词 组,bathtub mat non slip,BROAD,quorras non slip flexible,8,1,12.5%,$1.10,$1.10,$0.00,,,0,0,,,,,
"Jul 30, 2026",,USD,广泛大词,广泛大词 组,bathtub mat non slip,BROAD,quorras anti slip,11,1,9.09%,$1.10,$1.10,$0.00,,,0,0,,,,,
"Aug 01, 2026",,USD,广泛大词,广泛大词 组,bathtub mat non slip,BROAD,quorras natural natural mat non slip,3,3,100.0%,$1.10,$3.31,$0.00,,,0,0,,,,,
"Jul 31, 2026",,USD,广泛大词,广泛大词 组,bathtub mat non slip,BROAD,toilet brush skid free anti slip flexible,3,2,66.67%,$1.10,$2.20,$0.00,,,0,0,,,,,
"Aug 02, 2026",,USD,广泛大词,广泛大词 组,bathtub mat non slip,BROAD,toilet brushes skid free anti slip,2,2,100.0%,$1.10,$2.20,$0.00,,,0,0,,,,,
"Jul 16, 2026",,USD,广泛大词,广泛大词 组,bathtub mat non slip,BROAD,compact original bathtub mat non slip,4,1,25.0%,$1.16,$1.16,$0.00,,,0,0,,,,,
"Jul 11, 2026",,USD,广泛大词,广泛大词 组,bathtub mat non slip,BROAD,classic shower stall non slip mat,2,1,50.0%,$1.10,$1.10,$0.00,,,0,0,,,,,
"Jul 21, 2026",,USD,广泛大词,广泛大词 组,bathtub mat non slip,BROAD,eco basic anti slip mat,1,1,100.0%,$1.16,$1.16,$0.00,,,0,0,,,,,
"Jul 22, 2026",,USD,广泛大词,广泛大词 组,bathtub mat non slip,BROAD,dremmo non slip,19,2,10.53%,$1.16,$2.31,$24.11,,,1,1,,,,,
"Jul 23, 2026",,USD,广泛大词,广泛大词 组,bathtub mat non slip,BROAD,dremmo non slip,20,2,10.0%,$1.16,$2.31,$0.00,,,0,0,,,,,
"Jul 22, 2026",,USD,广泛大词,广泛大词 组,bathtub mat non slip,BROAD,dremmo non slip essential 60,2,2,100.0%,$1.12,$2.24,$48.21,,,2,2,,,,,
"Jul 22, 2026",,USD,广泛大词,广泛大词 组,bathtub mat non slip,BROAD,dremmo shower mat non slip,68,1,1.47%,$1.16,$1.16,$0.00,,,0,0,,,,,
"Jul 23, 2026",,USD,广泛大词,广泛大词 组,bathtub mat non slip,BROAD,dremmo shower mat non slip,32,1,3.12%,$1.16,$1.16,$0.00,,,0,0,,,,,
"Jul 24, 2026",,USD,广泛大词,广泛大词 组,bathtub mat non slip,BROAD,dremmo shower mat non slip,26,3,11.54%,$1.16,$3.47,$24.11,,,1,1,,,,,
"Jul 30, 2026",,USD,广泛大词,广泛大词 组,bathtub mat non slip,BROAD,dremmo shower mat non slip,45,2,4.44%,$1.10,$2.20,$0.00,,,0,0,,,,,
"Jul 31, 2026",,USD,广泛大词,广泛大词 组,bathtub mat non slip,BROAD,dremmo shower mat non slip,57,2,3.51%,$1.10,$2.20,$0.00,,,0,0,,,,,
"Aug 01, 2026",,USD,广泛大词,广泛大词 组,bathtub mat non slip,BROAD,dremmo shower mat non slip,85,4,4.71%,$1.10,$4.41,$0.00,,,0,0,,,,,
"Aug 02, 2026",,USD,广泛大词,广泛大词 组,bathtub mat non slip,BROAD,dremmo shower mat non slip,112,1,0.89%,$1.10,$1.10,$0.00,,,0,0,,,,,
"Jul 23, 2026",,USD,广泛大词,广泛大词 组,bathtub mat non slip,BROAD,dremo non slip,2,1,50.0%,$1.16,$1.16,$0.00,,,0,0,,,,,
"Jul 24, 2026",,USD,广泛大词,广泛大词 组,bathtub mat non slip,BROAD,dremo shower mat non slip,1,1,100.0%,$1.16,$1.16,$0.00,,,0,0,,,,,
"Jul 25, 2026",,USD,广泛大词,广泛大词 组,bathtub mat non slip,BROAD,evershower mat non slip,2,2,100.0%,$1.16,$2.31,$0.00,,,0,0,,,,,
"Aug 02, 2026",,USD,广泛大词,广泛大词 组,bathtub mat non slip,BROAD,pebble skid free toilet brushes flexible anti slip,2,2,100.0%,$1.10,$2.20,$0.00,,,0,0,,,,,
"Jul 12, 2026",,USD,广泛大词,广泛大词 组,bathtub mat non slip,BROAD,pebble bathtub mat products non slip,3,1,33.33%,$1.10,$1.10,$0.00,,,0,0,,,,,
"Jul 15, 2026",,USD,广泛大词,广泛大词 组,bathtub mat non slip,BROAD,mirabel bathtub mat anti slip,8,2,25.0%,$1.10,$2.20,$0.00,,,0,0,,,,,
"Jul 16, 2026",,USD,广泛大词,广泛大词 组,bathtub mat non slip,BROAD,mirabel bathtub mat anti slip,13,2,15.38%,$1.16,$2.31,$0.00,,,0,0,,,,,
"Jul 26, 2026",,USD,广泛大词,广泛大词 组,bathtub mat non slip,BROAD,mirabel bathtub mat anti slip,38,2,5.26%,$1.16,$2.31,$0.00,,,0,0,,,,,
"Jul 28, 2026",,USD,广泛大词,广泛大词 组,bathtub mat non slip,BROAD,mirabel bathtub mat anti slip,6,1,16.67%,$1.16,$1.16,$0.00,,,0,0,,,,,
"Jul 11, 2026",,USD,广泛大词,广泛大词 组,bathtub mat non slip,BROAD,bathtub runners non slip,66,1,1.52%,$1.10,$1.10,$0.00,,,0,0,,,,,
"Jul 17, 2026",,USD,广泛大词,广泛大词 组,bathtub mat non slip,BROAD,bathtub runners non slip,100,1,1.0%,$1.10,$1.10,$0.00,,,0,0,,,,,
"Aug 01, 2026",,USD,广泛大词,广泛大词 组,bathtub mat non slip,BROAD,bathtub runners non slip,3,2,66.67%,$1.10,$2.20,$0.00,,,0,0,,,,,
"Jul 16, 2026",,USD,广泛大词,广泛大词 组,bathtub mat non slip,BROAD,bathtub runners mat non slip,8,1,12.5%,$1.10,$1.10,$0.00,,,0,0,,,,,
"Aug 02, 2026",,USD,广泛大词,广泛大词 组,bathtub mat non slip,BROAD,bathtub rugs 10 inch tub grip,3,1,33.33%,$1.10,$1.10,$0.00,,,0,0,,,,,
"Jul 16, 2026",,USD,广泛大词,广泛大词 组,bathtub mat non slip,BROAD,bathtub rugs non slip,40,2,5.0%,$1.10,$2.20,$48.21,,,2,2,,,,,
"Jul 18, 2026",,USD,广泛大词,广泛大词 组,bathtub mat non slip,BROAD,bathtub guest non slip,9,2,22.22%,$0.92,$1.83,$0.00,,,0,0,,,,,
"Jul 11, 2026",,USD,广泛大词,广泛大词 组,bathtub mat non slip,BROAD,bathtub compact mat non slip,10,2,20.0%,$1.10,$2.20,$0.00,,,0,0,,,,,
"Jul 16, 2026",,USD,广泛大词,广泛大词 组,bathtub mat non slip,BROAD,bathtub anti slip mat textured rubber,5,2,40.0%,$1.10,$2.20,$0.00,,,0,0,,,,,
"Jul 31, 2026",,USD,广泛大词,广泛大词 组,bathtub mat non slip,BROAD,bathtub nonslip mat,1,1,100.0%,$1.10,$1.10,$0.00,,,0,0,,,,,
"Jul 11, 2026",,USD,广泛大词,广泛大词 组,bathtub mat non slip,BROAD,bathtub non slip mat machine washable,3,1,33.33%,$1.10,$1.10,$0.00,,,0,0,,,,,
"Jul 20, 2026",,USD,广泛大词,广泛大词 组,bathtub mat non slip,BROAD,bathtub & shower mats,34,1,2.94%,$1.10,$1.10,$0.00,,,0,0,,,,,
"Jul 10, 2026",,USD,广泛大词,广泛大词 组,bathtub mat non slip,BROAD,bathtub mat non slip,659,5,0.76%,$1.10,$5.51,$93.21,,,4,4,,,,,
"Jul 12, 2026",,USD,广泛大词,广泛大词 组,bathtub mat non slip,BROAD,bathtub mat non slip,3347,18,0.54%,$1.08,$19.41,$108.47,,,3,4,,,,,
"Jul 13, 2026",,USD,广泛大词,广泛大词 组,bathtub mat non slip,BROAD,bathtub mat non slip,6488,41,0.63%,$1.07,$43.93,$274.60,,,9,10,,,,,
"Jul 14, 2026",,USD,广泛大词,广泛大词 组,bathtub mat non slip,BROAD,bathtub mat non slip,6811,24,0.35%,$1.09,$26.09,$48.21,,,2,2,,,,,
"Jul 15, 2026",,USD,广泛大词,广泛大词 组,bathtub mat non slip,BROAD,bathtub mat non slip,7678,34,0.44%,$1.08,$36.82,$48.21,,,1,2,,,,,
"Jul 16, 2026",,USD,广泛大词,广泛大词 组,bathtub mat non slip,BROAD,bathtub mat non slip,6471,35,0.54%,$1.09,$38.25,$96.42,,,4,4,,,,,
"Jul 17, 2026",,USD,广泛大词,广泛大词 组,bathtub mat non slip,BROAD,bathtub mat non slip,7381,37,0.5%,$1.08,$40.04,$237.20,,,8,8,,,,,
"Jul 18, 2026",,USD,广泛大词,广泛大词 组,bathtub mat non slip,BROAD,bathtub mat non slip,6740,38,0.56%,$1.09,$41.52,$157.94,,,6,6,,,,,
"Jul 19, 2026",,USD,广泛大词,广泛大词 组,bathtub mat non slip,BROAD,bathtub mat non slip,6225,33,0.53%,$1.07,$35.46,$59.30,,,2,2,,,,,
"Jul 20, 2026",,USD,广泛大词,广泛大词 组,bathtub mat non slip,BROAD,bathtub mat non slip,3678,21,0.57%,$1.08,$22.70,$48.21,,,2,2,,,,,
"Jul 21, 2026",,USD,广泛大词,广泛大词 组,bathtub mat non slip,BROAD,bathtub mat non slip,789,5,0.63%,$1.10,$5.51,$0.00,,,0,0,,,,,
"Jul 22, 2026",,USD,广泛大词,广泛大词 组,bathtub mat non slip,BROAD,bathtub mat non slip,4265,26,0.61%,$1.06,$27.54,$72.32,,,3,3,,,,,
"Jul 23, 2026",,USD,广泛大词,广泛大词 组,bathtub mat non slip,BROAD,bathtub mat non slip,5096,25,0.49%,$1.08,$26.91,$72.32,,,3,3,,,,,
"Jul 24, 2026",,USD,广泛大词,广泛大词 组,bathtub mat non slip,BROAD,bathtub mat non slip,2047,15,0.73%,$1.10,$16.45,$48.21,,,2,2,,,,,
"Jul 25, 2026",,USD,广泛大词,广泛大词 组,bathtub mat non slip,BROAD,bathtub mat non slip,2850,15,0.53%,$1.04,$15.58,$48.21,,,2,2,,,,,
"Jul 26, 2026",,USD,广泛大词,广泛大词 组,bathtub mat non slip,BROAD,bathtub mat non slip,2629,5,0.19%,$1.10,$5.51,$111.21,,,4,4,,,,,
"Jul 27, 2026",,USD,广泛大词,广泛大词 组,bathtub mat non slip,BROAD,bathtub mat non slip,1099,5,0.45%,$0.97,$4.83,$0.00,,,0,0,,,,,
"Jul 28, 2026",,USD,广泛大词,广泛大词 组,bathtub mat non slip,BROAD,bathtub mat non slip,447,6,1.34%,$1.12,$6.74,$0.00,,,0,0,,,,,
"Jul 29, 2026",,USD,广泛大词,广泛大词 组,bathtub mat non slip,BROAD,bathtub mat non slip,1941,17,0.88%,$1.08,$18.31,$72.32,,,3,3,,,,,
"Jul 30, 2026",,USD,广泛大词,广泛大词 组,bathtub mat non slip,BROAD,bathtub mat non slip,1484,8,0.54%,$1.10,$8.76,$0.00,,,0,0,,,,,
"Jul 31, 2026",,USD,广泛大词,广泛大词 组,bathtub mat non slip,BROAD,bathtub mat non slip,2099,14,0.67%,$1.10,$15.42,$72.32,,,3,3,,,,,
"Aug 01, 2026",,USD,广泛大词,广泛大词 组,bathtub mat non slip,BROAD,bathtub mat non slip,2417,11,0.46%,$1.01,$11.12,$24.11,,,1,1,,,,,
"Aug 02, 2026",,USD,广泛大词,广泛大词 组,bathtub mat non slip,BROAD,bathtub mat non slip,1983,7,0.35%,$1.10,$7.71,$72.32,,,3,3,,,,,
"Jul 22, 2026",,USD,广泛大词,广泛大词 组,bathtub mat non slip,BROAD,bathtub mat non slip 20 inch,5,3,60.0%,$1.13,$3.39,$0.00,,,0,0,,,,,
"Jul 17, 2026",,USD,广泛大词,广泛大词 组,bathtub mat non slip,BROAD,bathtub mat non slip 25 inch,7,1,14.29%,$1.16,$1.16,$0.00,,,0,0,,,,,
"Jul 19, 2026",,USD,广泛大词,广泛大词 组,bathtub mat non slip,BROAD,bathtub mat non slip 30 inch,5,2,40.0%,$1.10,$2.20,$0.00,,,0,0,,,,,
"Jul 14, 2026",,USD,广泛大词,广泛大词 组,bathtub mat non slip,BROAD,bathtub mat non slip machine washable,18,1,5.56%,$1.10,$1.10,$0.00,,,0,0,,,,,
"Jul 16, 2026",,USD,广泛大词,广泛大词 组,bathtub mat non slip,BROAD,bathtub mat non slip machine washable,137,2,1.46%,$1.10,$2.20,$0.00,,,0,0,,,,,
"Jul 18, 2026",,USD,广泛大词,广泛大词 组,bathtub mat non slip,BROAD,bathtub mat non slip machine washable,114,1,0.88%,$1.10,$1.10,$0.00,,,0,0,,,,,
"Jul 19, 2026",,USD,广泛大词,广泛大词 组,bathtub mat non slip,BROAD,bathtub mat non slip machine washable,212,3,1.42%,$1.10,$3.31,$0.00,,,0,0,,,,,
"Jul 31, 2026",,USD,广泛大词,广泛大词 组,bathtub mat non slip,BROAD,bathtub mat non slip machine washable 20 inch,2,1,50.0%,$1.10,$1.10,$0.00,,,0,0,,,,,
"Jul 12, 2026",,USD,广泛大词,广泛大词 组,bathtub mat non slip,BROAD,bathtub mat anti slip,308,3,0.97%,$0.97,$2.91,$35.20,,,1,1,,,,,
"Jul 13, 2026",,USD,广泛大词,广泛大词 组,bathtub mat non slip,BROAD,bathtub mat anti slip,181,4,2.21%,$1.10,$4.41,$24.11,,,1,1,,,,,
"Jul 14, 2026",,USD,广泛大词,广泛大词 组,bathtub mat non slip,BROAD,bathtub mat anti slip,204,2,0.98%,$1.10,$2.20,$48.21,,,2,2,,,,,
"Jul 15, 2026",,USD,广泛大词,广泛大词 组,bathtub mat non slip,BROAD,bathtub mat anti slip,267,6,2.25%,$1.10,$6.61,$48.21,,,2,2,,,,,
"Jul 16, 2026",,USD,广泛大词,广泛大词 组,bathtub mat non slip,BROAD,bathtub mat anti slip,297,2,0.67%,$1.10,$2.20,$0.00,,,0,0,,,,,
"Jul 17, 2026",,USD,广泛大词,广泛大词 组,bathtub mat non slip,BROAD,bathtub mat anti slip,182,2,1.1%,$1.10,$2.20,$0.00,,,0,0,,,,,
"Jul 18, 2026",,USD,广泛大词,广泛大词 组,bathtub mat non slip,BROAD,bathtub mat anti slip,50,1,2.0%,$1.06,$1.06,$0.00,,,0,0,,,,,
"Jul 29, 2026",,USD,广泛大词,广泛大词 组,bathtub mat non slip,BROAD,bathtub mat anti slip,38,1,2.63%,$1.16,$1.16,$0.00,,,0,0,,,,,
"Jul 30, 2026",,USD,广泛大词,广泛大词 组,bathtub mat non slip,BROAD,bathtub mat anti slip,28,1,3.57%,$1.10,$1.10,$0.00,,,0,0,,,,,
"Jul 16, 2026",,USD,广泛大词,广泛大词 组,bathtub mat non slip,BROAD,bathtub machine washable mat non slip with travel suction cups,1,1,100.0%,$0.89,$0.89,$24.11,,,1,1,,,,,
"Jul 30, 2026",,USD,广泛大词,广泛大词 组,bathtub mat non slip,BROAD,tubs nonslip mat,4,2,50.0%,$1.10,$2.20,$0.00,,,0,0,,,,,
"Aug 01, 2026",,USD,广泛大词,广泛大词 组,bathtub mat non slip,BROAD,tubs nonslip mat,3,1,33.33%,$1.10,$1.10,$0.00,,,0,0,,,,,
"Jul 31, 2026",,USD,广泛大词,广泛大词 组,bathtub mat non slip,BROAD,large skid free toilet brush non slip,2,2,100.0%,$1.10,$2.20,$0.00,,,0,0,,,,,
"Jul 22, 2026",,USD,广泛大词,广泛大词 组,bathtub mat non slip,BROAD,shower stall mat non slip,19,2,10.53%,$1.16,$2.31,$0.00,,,0,0,,,,,
"Jul 22, 2026",,USD,广泛大词,广泛大词 组,bathtub mat non slip,BROAD,shower stall mat for tub floor bathtub non skid,3,1,33.33%,$1.16,$1.16,$0.00,,,0,0,,,,,
"Aug 02, 2026",,USD,广泛大词,广泛大词 组,bathtub mat non slip,BROAD,shower runners non slip,2,1,50.0%,$1.10,$1.10,$0.00,,,0,0,,,,,
"Jul 22, 2026",,USD,广泛大词,广泛大词 组,bathtub mat non slip,BROAD,shower mat non slip,12,2,16.67%,$1.16,$2.31,$0.00,,,0,0,,,,,
"Aug 02, 2026",,USD,广泛大词,广泛大词 组,bathtub mat non slip,BROAD,shower mat non slip,10,1,10.0%,$1.10,$1.10,$0.00,,,0,0,,,,,
"Jul 19, 2026",,USD,广泛大词,广泛大词 组,bathtub mat non slip,BROAD,shower mat non slip bathtub machine washable,24,1,4.17%,$1.10,$1.10,$0.00,,,0,0,,,,,
"Jul 16, 2026",,USD,广泛大词,广泛大词 组,bathtub mat non slip,BROAD,non skid bathtub products,1,1,100.0%,$1.16,$1.16,$0.00,,,0,0,,,,,
"Jul 12, 2026",,USD,广泛大词,广泛大词 组,bathtub mat non slip,BROAD,covera bathtub mat,3,2,66.67%,$1.10,$2.20,$0.00,,,0,0,,,,,
"Jul 25, 2026",,USD,广泛大词,广泛大词 组,bathtub mat non slip,BROAD,covera bathtub mat,2,2,100.0%,$1.16,$2.31,$0.00,,,0,0,,,,,
"Aug 01, 2026",,USD,广泛大词,广泛大词 组,bathtub mat non slip,BROAD,covera bathtub mat,4,1,25.0%,$1.10,$1.10,$70.39,,,2,2,,,,,
"Jul 26, 2026",,USD,广泛大词,广泛大词 组,bathtub mat non slip,BROAD,koverra bathtub mat non slip,15,2,13.33%,$1.16,$2.31,$0.00,,,0,0,,,,,
"Aug 01, 2026",,USD,广泛大词,广泛大词 组,bathtub mat non slip,BROAD,maximum tub grip nonslip bathtub pillows,5,1,20.0%,$1.10,$1.10,$0.00,,,0,0,,,,,
"Jul 30, 2026",,USD,广泛大词,广泛大词 组,bathtub mat non slip,BROAD,guest runner gift anti slip mat,2,2,100.0%,$1.10,$2.20,$0.00,,,0,0,,,,,
"Jul 10, 2026",,USD,广泛大词,广泛大词 组,bathtub mat non slip,BROAD,guest gift mat anti slip,3,1,33.33%,$1.10,$1.10,$48.21,,,2,2,,,,,
"Jul 23, 2026",,USD,广泛大词,广泛大词 组,bathtub mat non slip,BROAD,anti slip toilet brushes,2,1,50.0%,$1.16,$1.16,$0.00,,,0,0,,,,,
"Aug 01, 2026",,USD,广泛大词,广泛大词 组,bathtub mat non slip,BROAD,anti slip toilet brushes,2,2,100.0%,$1.10,$2.20,$0.00,,,0,0,,,,,
"Jul 30, 2026",,USD,广泛大词,广泛大词 组,bathtub mat non slip,BROAD,anti slip compact mat pebble bathtub,6,1,16.67%,$1.10,$1.10,$0.00,,,0,0,,,,,
"Jul 20, 2026",,USD,广泛大词,广泛大词 组,bathtub mat non slip,BROAD,anti slip strong and original full toilet brush,2,1,50.0%,$1.11,$1.11,$0.00,,,0,0,,,,,
"Jul 13, 2026",,USD,广泛大词,广泛大词 组,bathtub mat non slip,BROAD,anti slip bathtub mat,253,3,1.19%,$1.10,$3.31,$48.21,,,2,2,,,,,
"Jul 14, 2026",,USD,广泛大词,广泛大词 组,bathtub mat non slip,BROAD,anti slip bathtub mat,453,3,0.66%,$1.10,$3.31,$0.00,,,0,0,,,,,
"Jul 15, 2026",,USD,广泛大词,广泛大词 组,bathtub mat non slip,BROAD,anti slip bathtub mat,507,3,0.59%,$1.10,$3.31,$0.00,,,0,0,,,,,
"Jul 24, 2026",,USD,广泛大词,广泛大词 组,bathtub mat non slip,BROAD,anti slip bathtub mat,23,2,8.7%,$1.16,$2.31,$0.00,,,0,0,,,,,
"Jul 31, 2026",,USD,广泛大词,广泛大词 组,bathtub mat non slip,BROAD,anti slip bathtub mat,60,1,1.67%,$1.10,$1.10,$48.21,,,2,2,,,,,
"Jul 28, 2026",,USD,广泛大词,广泛大词 组,bathtub mat non slip,BROAD,anti slip bathtub mat size 4,4,1,25.0%,$1.10,$1.10,$0.00,,,0,0,,,,,
"Jul 22, 2026",,USD,广泛大词,广泛大词 组,bathtub mat non slip,BROAD,anti slip bathtub mat with rv compact,1,1,100.0%,$1.16,$1.16,$0.00,,,0,0,,,,,
"Aug 02, 2026",,USD,广泛大词,广泛大词 组,bathtub mat non slip,BROAD,anti slip quick drying bathtub rugs,2,2,100.0%,$1.10,$2.20,$0.00,,,0,0,,,,,
"Jul 28, 2026",,USD,广泛大词,广泛大词 组,bathtub mat non slip,BROAD,anti slip mat for bathtub,4,1,25.0%,$1.10,$1.10,$0.00,,,0,0,,,,,
"Jul 21, 2026",,USD,广泛大词,广泛大词 组,bathtub mat non slip,BROAD,ko vera thick tub grip bathtub mat original premium,2,1,50.0%,$1.16,$1.16,$0.00,,,0,0,,,,,
"Jul 14, 2026",,USD,广泛大词,广泛大词 组,bathtub mat non slip,BROAD,ko vera bathtub mat,88,3,3.41%,$1.06,$3.18,$21.69,,,1,1,,,,,
"Jul 17, 2026",,USD,广泛大词,广泛大词 组,bathtub mat non slip,BROAD,ko vera bathtub mat,40,1,2.5%,$1.10,$1.10,$0.00,,,0,0,,,,,
"Jul 26, 2026",,USD,广泛大词,广泛大词 组,bathtub mat non slip,BROAD,ko vera bathtub mat,37,2,5.41%,$1.10,$2.19,$0.00,,,0,0,,,,,
"Jul 29, 2026",,USD,广泛大词,广泛大词 组,bathtub mat non slip,BROAD,ko vera bathtub mat,32,1,3.12%,$1.01,$1.01,$0.00,,,0,0,,,,,
"Aug 01, 2026",,USD,广泛大词,广泛大词 组,bathtub mat non slip,BROAD,ko vera bathtub mat,78,1,1.28%,$1.10,$1.10,$0.00,,,0,0,,,,,
"Jul 14, 2026",,USD,广泛大词,广泛大词 组,bathtub mat non slip,BROAD,ko vera bathtub mat machine washable,2,1,50.0%,$1.10,$1.10,$48.21,,,2,2,,,,,
"Jul 23, 2026",,USD,广泛大词,广泛大词 组,bathtub mat non slip,BROAD,ko vera mat,4,1,25.0%,$0.92,$0.92,$0.00,,,0,0,,,,,
"Jul 29, 2026",,USD,广泛大词,广泛大词 组,bathtub mat non slip,BROAD,anti slip machine washable bathtub mat for kitchen,6,3,50.0%,$1.14,$3.42,$0.00,,,0,0,,,,,
"Aug 02, 2026",,USD,广泛大词,广泛大词 组,bathtub mat non slip,BROAD,anti slip rv resistant mat,2,2,100.0%,$1.10,$2.20,$24.11,,,1,1,,,,,
"Jul 19, 2026",,USD,广泛大词,广泛大词 组,bathtub mat non slip,BROAD,nonslip original bathtub mat with suction cups,1,1,100.0%,$1.16,$1.16,$0.00,,,0,0,,,,,
"Jul 14, 2026",,USD,广泛大词,广泛大词 组,bathtub mat non slip,BROAD,nonslip pebble original bathtub compact mat,2,2,100.0%,$1.10,$2.20,$0.00,,,0,0,,,,,
"Jul 24, 2026",,USD,广泛大词,广泛大词 组,bathtub mat non slip,BROAD,nonslip pebble original bathtub compact mat,1,1,100.0%,$1.16,$1.16,$0.00,,,0,0,,,,,
"Jul 30, 2026",,USD,广泛大词,广泛大词 组,bathtub mat non slip,BROAD,nonslip bathtub runner rugs 20 inch strong to original,2,2,100.0%,$1.10,$2.20,$0.00,,,0,0,,,,,
"Jul 30, 2026",,USD,广泛大词,广泛大词 组,bathtub mat non slip,BROAD,nonslip bathtub rugs,5,2,40.0%,$1.10,$2.20,$0.00,,,0,0,,,,,
"Jul 10, 2026",,USD,广泛大词,广泛大词 组,bathtub mat non slip,BROAD,nonslip bathtub mat,136,1,0.74%,$1.10,$1.10,$0.00,,,0,0,,,,,
"Jul 12, 2026",,USD,广泛大词,广泛大词 组,bathtub mat non slip,BROAD,nonslip bathtub mat,1098,4,0.36%,$1.10,$4.41,$24.11,,,1,1,,,,,
"Jul 13, 2026",,USD,广泛大词,广泛大词 组,bathtub mat non slip,BROAD,nonslip bathtub mat,1468,8,0.54%,$1.08,$8.68,$48.21,,,2,2,,,,,
"Jul 14, 2026",,USD,广泛大词,广泛大词 组,bathtub mat non slip,BROAD,nonslip bathtub mat,1391,13,0.93%,$1.08,$14.04,$48.21,,,2,2,,,,,
"Jul 15, 2026",,USD,广泛大词,广泛大词 组,bathtub mat non slip,BROAD,nonslip bathtub mat,1764,11,0.62%,$1.06,$11.66,$0.00,,,0,0,,,,,
"Jul 16, 2026",,USD,广泛大词,广泛大词 组,bathtub mat non slip,BROAD,nonslip bathtub mat,2308,11,0.48%,$1.10,$12.12,$0.00,,,0,0,,,,,
"Jul 17, 2026",,USD,广泛大词,广泛大词 组,bathtub mat non slip,BROAD,nonslip bathtub mat,1499,9,0.6%,$1.10,$9.92,$126.00,,,4,4,,,,,
"Jul 18, 2026",,USD,广泛大词,广泛大词 组,bathtub mat non slip,BROAD,nonslip bathtub mat,1662,11,0.66%,$1.10,$12.12,$0.00,,,0,0,,,,,
"Jul 19, 2026",,USD,广泛大词,广泛大词 组,bathtub mat non slip,BROAD,nonslip bathtub mat,1507,9,0.6%,$1.10,$9.92,$0.00,,,0,0,,,,,
"Jul 20, 2026",,USD,广泛大词,广泛大词 组,bathtub mat non slip,BROAD,nonslip bathtub mat,1034,8,0.77%,$0.98,$7.83,$0.00,,,0,0,,,,,
"Jul 21, 2026",,USD,广泛大词,广泛大词 组,bathtub mat non slip,BROAD,nonslip bathtub mat,203,1,0.49%,$0.86,$0.86,$35.20,,,1,1,,,,,
"Jul 22, 2026",,USD,广泛大词,广泛大词 组,bathtub mat non slip,BROAD,nonslip bathtub mat,1171,14,1.2%,$1.10,$15.42,$59.30,,,2,2,,,,,
"Jul 23, 2026",,USD,广泛大词,广泛大词 组,bathtub mat non slip,BROAD,nonslip bathtub mat,1627,10,0.61%,$1.10,$11.02,$59.30,,,2,2,,,,,
"Jul 24, 2026",,USD,广泛大词,广泛大词 组,bathtub mat non slip,BROAD,nonslip bathtub mat,536,1,0.19%,$1.10,$1.10,$0.00,,,0,0,,,,,
"Jul 25, 2026",,USD,广泛大词,广泛大词 组,bathtub mat non slip,BROAD,nonslip bathtub mat,470,5,1.06%,$1.08,$5.38,$24.11,,,1,1,,,,,
"Jul 28, 2026",,USD,广泛大词,广泛大词 组,bathtub mat non slip,BROAD,nonslip bathtub mat,79,1,1.27%,$1.10,$1.10,$48.21,,,2,2,,,,,
"Jul 29, 2026",,USD,广泛大词,广泛大词 组,bathtub mat non slip,BROAD,nonslip bathtub mat,316,2,0.63%,$1.03,$2.06,$0.00,,,0,0,,,,,
"Jul 30, 2026",,USD,广泛大词,广泛大词 组,bathtub mat non slip,BROAD,nonslip bathtub mat,232,3,1.29%,$1.10,$3.31,$24.11,,,1,1,,,,,
"Jul 31, 2026",,USD,广泛大词,广泛大词 组,bathtub mat non slip,BROAD,nonslip bathtub mat,1036,5,0.48%,$1.10,$5.51,$48.21,,,2,2,,,,,
"Aug 02, 2026",,USD,广泛大词,广泛大词 组,bathtub mat non slip,BROAD,nonslip bathtub mat,390,2,0.51%,$1.10,$2.20,$0.00,,,0,0,,,,,
"Jul 14, 2026",,USD,广泛大词,广泛大词 组,bathtub mat non slip,BROAD,nonslip bathtub mat size 4,5,1,20.0%,$1.08,$1.08,$0.00,,,0,0,,,,,
"Jul 22, 2026",,USD,广泛大词,广泛大词 组,bathtub mat non slip,BROAD,nonslip bathtub mat 5 inch,13,1,7.69%,$1.10,$1.10,$24.11,,,1,1,,,,,
"Jul 17, 2026",,USD,广泛大词,广泛大词 组,bathtub mat non slip,BROAD,nonslip bathtub mat senior,52,2,3.85%,$1.10,$2.20,$0.00,,,0,0,,,,,
"Jul 18, 2026",,USD,广泛大词,广泛大词 组,bathtub mat non slip,BROAD,nonslip bathtub mat senior,26,2,7.69%,$0.80,$1.59,$0.00,,,0,0,,,,,
"Jul 20, 2026",,USD,广泛大词,广泛大词 组,bathtub mat non slip,BROAD,nonslip bathtub mat senior,8,2,25.0%,$1.10,$2.20,$0.00,,,0,0,,,,,
"Jul 14, 2026",,USD,广泛大词,广泛大词 组,bathtub mat non slip,BROAD,nonslip bathtub mat machine washable,172,3,1.74%,$1.10,$3.29,$72.32,,,3,3,,,,,
"Jul 18, 2026",,USD,广泛大词,广泛大词 组,bathtub mat non slip,BROAD,nonslip bathtub mat machine washable,86,1,1.16%,$1.10,$1.10,$0.00,,,0,0,,,,,
"Jul 19, 2026",,USD,广泛大词,广泛大词 组,bathtub mat non slip,BROAD,nonslip bathtub mat machine washable,68,2,2.94%,$1.10,$2.20,$0.00,,,0,0,,,,,
"Jul 31, 2026",,USD,广泛大词,广泛大词 组,bathtub mat non slip,BROAD,nonslip bathtub mat machine washable,121,1,0.83%,$1.10,$1.10,$0.00,,,0,0,,,,,
"Jul 12, 2026",,USD,广泛大词,广泛大词 组,bathtub mat non slip,BROAD,nonslip bathtub mat with suction cups,6,1,16.67%,$1.10,$1.10,$24.11,,,1,1,,,,,
"Jul 16, 2026",,USD,广泛大词,广泛大词 组,bathtub mat non slip,BROAD,nonslip bathtub mat with suction cups,13,1,7.69%,$1.10,$1.10,$0.00,,,0,0,,,,,
"Jul 11, 2026",,USD,广泛大词,广泛大词 组,bathtub mat non slip,BROAD,nonslip bathtub machine washable rugs,1,1,100.0%,$1.10,$1.10,$48.21,,,2,2,,,,,
"Jul 23, 2026",,USD,广泛大词,广泛大词 组,bathtub mat non slip,BROAD,nonslip shower runners,1,1,100.0%,$1.16,$1.16,$0.00,,,0,0,,,,,
"Jul 27, 2026",,USD,广泛大词,广泛大词 组,bathtub mat non slip,BROAD,nonslip shower bathtub runner rug mat,20,3,15.0%,$1.16,$3.47,$0.00,,,0,0,,,,,
"Jul 29, 2026",,USD,广泛大词,广泛大词 组,bathtub mat non slip,BROAD,nonslip shower bathtub runner rug mat,3,1,33.33%,$1.16,$1.16,$24.11,,,1,1,,,,,
"Jul 26, 2026",,USD,广泛大词,广泛大词 组,bathtub mat non slip,BROAD,nonslip wide nordic bathtub mat,4,1,25.0%,$1.16,$1.16,$0.00,,,0,0,,,,,
"Jul 25, 2026",,USD,广泛大词,广泛大词 组,bathtub mat non slip,BROAD,nonslip safety mat bathtub,4,2,50.0%,$1.16,$2.31,$0.00,,,0,0,,,,,
"Aug 02, 2026",,USD,广泛大词,广泛大词 组,bathtub mat non slip,BROAD,nonslip quick drying bathtub runner rugs wide suction cups,4,1,25.0%,$1.10,$1.10,$0.00,,,0,0,,,,,
"Aug 01, 2026",,USD,广泛大词,广泛大词 组,bathtub mat non slip,BROAD,nonslip mat for original bathtub,5,1,20.0%,$1.10,$1.10,$0.00,,,0,0,,,,,
"Jul 22, 2026",,USD,广泛大词,广泛大词 组,bathtub mat non slip,BROAD,nonslip mat for bathtub lightweight size 34 long ultra,5,1,20.0%,$1.16,$1.16,$0.00,,,0,0,,,,,
"Jul 22, 2026",,USD,广泛大词,广泛大词 组,bathtub mat non slip,BROAD,kovera's mat,3,1,33.33%,$1.16,$1.16,$0.00,,,0,0,,,,,
"Aug 01, 2026",,USD,广泛大词,广泛大词 组,bathtub mat non slip,BROAD,kovera's mat bathtub,8,1,12.5%,$0.85,$0.85,$0.00,,,0,0,,,,,
"Jul 15, 2026",,USD,广泛大词,广泛大词 组,bathtub mat non slip,BROAD,non slip travel shower floor mat,1,1,100.0%,$1.10,$1.10,$0.00,,,0,0,,,,,
"Jul 10, 2026",,USD,广泛大词,广泛大词 组,bathtub mat non slip,BROAD,non slip rugs strong and corner tub grip thick,2,1,50.0%,$1.09,$1.09,$0.00,,,0,0,,,,,
"Jul 11, 2026",,USD,广泛大词,广泛大词 组,bathtub mat non slip,BROAD,non slip rubber tub rugs for thick shower floor,1,1,100.0%,$1.10,$1.10,$0.00,,,0,0,,,,,
"Jul 31, 2026",,USD,广泛大词,广泛大词 组,bathtub mat non slip,BROAD,non slip quorras,47,3,6.38%,$1.10,$3.31,$0.00,,,0,0,,,,,
"Aug 01, 2026",,USD,广泛大词,广泛大词 组,bathtub mat non slip,BROAD,non slip quorras,51,1,1.96%,$1.10,$1.10,$0.00,,,0,0,,,,,
"Aug 02, 2026",,USD,广泛大词,广泛大词 组,bathtub mat non slip,BROAD,non slip toilet brushes,12,2,16.67%,$1.10,$2.20,$0.00,,,0,0,,,,,
"Jul 11, 2026",,USD,广泛大词,广泛大词 组,bathtub mat non slip,BROAD,non slip compact rugs flexible dorm odorless,1,1,100.0%,$1.10,$1.10,$0.00,,,0,0,,,,,
"Jul 11, 2026",,USD,广泛大词,广泛大词 组,bathtub mat non slip,BROAD,non slip compact rugs flexible dorm odorless with suction cups,2,2,100.0%,$1.10,$2.20,$0.00,,,0,0,,,,,
"Aug 01, 2026",,USD,广泛大词,广泛大词 组,bathtub mat non slip,BROAD,non slip family bathtub pillows,2,2,100.0%,$1.10,$2.20,$0.00,,,0,0,,,,,
"Jul 22, 2026",,USD,广泛大词,广泛大词 组,bathtub mat non slip,BROAD,non slip dremo,1,1,100.0%,$1.16,$1.16,$72.32,,,2,3,,,,,
"Jul 15, 2026",,USD,广泛大词,广泛大词 组,bathtub mat non slip,BROAD,non slip extra mat to modern a non skid rv shower curtain,7,1,14.29%,$1.10,$1.10,$0.00,,,0,0,,,,,
"Jul 23, 2026",,USD,广泛大词,广泛大词 组,bathtub mat non slip,BROAD,non slip pebble bathtub mat,12,1,8.33%,$1.16,$1.16,$0.00,,,0,0,,,,,
"Jul 16, 2026",,USD,广泛大词,广泛大词 组,bathtub mat non slip,BROAD,non slip pebble bathtub mat machine washable,6,2,33.33%,$1.16,$2.31,$0.00,,,0,0,,,,,
"Aug 01, 2026",,USD,广泛大词,广泛大词 组,bathtub mat non slip,BROAD,non slip thick cushioned bathtub mat,8,3,37.5%,$1.10,$3.31,$0.00,,,0,0,,,,,
"Jul 30, 2026",,USD,广泛大词,广泛大词 组,bathtub mat non slip,BROAD,non slip thick cushioned bathtub mat machine washable,15,1,6.67%,$1.10,$1.10,$0.00,,,0,0,,,,,
"Jul 17, 2026",,USD,广泛大词,广泛大词 组,bathtub mat non slip,BROAD,non slip high guest bathtub mat,34,1,2.94%,$1.10,$1.10,$0.00,,,0,0,,,,,
"Jul 19, 2026",,USD,广泛大词,广泛大词 组,bathtub mat non slip,BROAD,non slip high guest bathtub mat,41,2,4.88%,$1.10,$2.20,$35.20,,,1,1,,,,,
"Jul 10, 2026",,USD,广泛大词,广泛大词 组,bathtub mat non slip,BROAD,non slip bathtub runner rugs,14,4,28.57%,$1.01,$4.06,$72.32,,,3,3,,,,,
"Jul 15, 2026",,USD,广泛大词,广泛大词 组,bathtub mat non slip,BROAD,non slip bathtub runner rugs,45,1,2.22%,$1.10,$1.10,$0.00,,,0,0,,,,,
"Jul 16, 2026",,USD,广泛大词,广泛大词 组,bathtub mat non slip,BROAD,non slip bathtub runner rugs,110,1,0.91%,$1.10,$1.10,$0.00,,,0,0,,,,,
"Jul 17, 2026",,USD,广泛大词,广泛大词 组,bathtub mat non slip,BROAD,non slip bathtub runner rugs,131,3,2.29%,$1.10,$3.31,$24.11,,,1,1,,,,,
"Jul 20, 2026",,USD,广泛大词,广泛大词 组,bathtub mat non slip,BROAD,non slip bathtub runner rugs,81,1,1.23%,$1.10,$1.10,$0.00,,,0,0,,,,,
"Aug 02, 2026",,USD,广泛大词,广泛大词 组,bathtub mat non slip,BROAD,non slip bathtub runner rugs,32,3,9.38%,$1.10,$3.31,$48.21,,,2,2,,,,,
"Jul 17, 2026",,USD,广泛大词,广泛大词 组,bathtub mat non slip,BROAD,non slip bathtub runner rugs with original premium,2,2,100.0%,$1.16,$2.31,$0.00,,,0,0,,,,,
"Jul 10, 2026",,USD,广泛大词,广泛大词 组,bathtub mat non slip,BROAD,non slip bathtub compact mat,2,1,50.0%,$1.10,$1.10,$0.00,,,0,0,,,,,
"Jul 16, 2026",,USD,广泛大词,广泛大词 组,bathtub mat non slip,BROAD,non slip bathtub wider nordic mat,6,2,33.33%,$1.10,$2.20,$0.00,,,0,0,,,,,
"Aug 02, 2026",,USD,广泛大词,广泛大词 组,bathtub mat non slip,BROAD,non slip bathtub pillows,23,2,8.7%,$1.10,$2.20,$0.00,,,0,0,,,,,
"Jul 23, 2026",,USD,广泛大词,广泛大词 组,bathtub mat non slip,BROAD,non slip bathtub dorm mat machine washable medium,10,1,10.0%,$1.16,$1.16,$0.00,,,0,0,,,,,
"Jul 11, 2026",,USD,广泛大词,广泛大词 组,bathtub mat non slip,BROAD,non slip bathtub mat,298,1,0.34%,$1.10,$1.10,$24.11,,,1,1,,,,,
"Jul 12, 2026",,USD,广泛大词,广泛大词 组,bathtub mat non slip,BROAD,non slip bathtub mat,2418,11,0.45%,$1.10,$12.12,$0.00,,,0,0,,,,,
"Jul 13, 2026",,USD,广泛大词,广泛大词 组,bathtub mat non slip,BROAD,non slip bathtub mat,4206,18,0.43%,$1.08,$19.47,$48.21,,,2,2,,,,,
"Jul 14, 2026",,USD,广泛大词,广泛大词 组,bathtub mat non slip,BROAD,non slip bathtub mat,6591,14,0.21%,$1.10,$15.35,$161.27,,,6,6,,,,,
"Jul 15, 2026",,USD,广泛大词,广泛大词 组,bathtub mat non slip,BROAD,non slip bathtub mat,6524,18,0.28%,$1.09,$19.68,$59.30,,,2,2,,,,,
"Jul 16, 2026",,USD,广泛大词,广泛大词 组,bathtub mat non slip,BROAD,non slip bathtub mat,5769,24,0.42%,$1.10,$26.44,$24.11,,,1,1,,,,,
"Jul 17, 2026",,USD,广泛大词,广泛大词 组,bathtub mat non slip,BROAD,non slip bathtub mat,5463,15,0.27%,$1.07,$16.05,$72.32,,,3,3,,,,,
"Jul 18, 2026",,USD,广泛大词,广泛大词 组,bathtub mat non slip,BROAD,non slip bathtub mat,4365,17,0.39%,$1.10,$18.63,$59.30,,,2,2,,,,,
"Jul 19, 2026",,USD,广泛大词,广泛大词 组,bathtub mat non slip,BROAD,non slip bathtub mat,4697,28,0.6%,$1.03,$28.71,$24.11,,,1,1,,,,,
"Jul 20, 2026",,USD,广泛大词,广泛大词 组,bathtub mat non slip,BROAD,non slip bathtub mat,2578,14,0.54%,$1.10,$15.41,$111.21,,,4,4,,,,,
"Jul 21, 2026",,USD,广泛大词,广泛大词 组,bathtub mat non slip,BROAD,non slip bathtub mat,471,4,0.85%,$1.10,$4.41,$0.00,,,0,0,,,,,
"Jul 22, 2026",,USD,广泛大词,广泛大词 组,bathtub mat non slip,BROAD,non slip bathtub mat,2050,5,0.24%,$1.12,$5.58,$0.00,,,0,0,,,,,
"Jul 23, 2026",,USD,广泛大词,广泛大词 组,bathtub mat non slip,BROAD,non slip bathtub mat,3247,15,0.46%,$1.10,$16.53,$35.20,,,1,1,,,,,
"Jul 24, 2026",,USD,广泛大词,广泛大词 组,bathtub mat non slip,BROAD,non slip bathtub mat,1217,7,0.58%,$1.10,$7.71,$48.21,,,2,2,,,,,
"Jul 25, 2026",,USD,广泛大词,广泛大词 组,bathtub mat non slip,BROAD,non slip bathtub mat,1118,5,0.45%,$1.05,$5.24,$0.00,,,0,0,,,,,
"Jul 26, 2026",,USD,广泛大词,广泛大词 组,bathtub mat non slip,BROAD,non slip bathtub mat,1483,14,0.94%,$1.11,$15.49,$48.21,,,2,2,,,,,
"Jul 27, 2026",,USD,广泛大词,广泛大词 组,bathtub mat non slip,BROAD,non slip bathtub mat,367,2,0.54%,$1.16,$2.31,$0.00,,,0,0,,,,,
"Jul 28, 2026",,USD,广泛大词,广泛大词 组,bathtub mat non slip,BROAD,non slip bathtub mat,332,1,0.3%,$1.16,$1.16,$0.00,,,0,0,,,,,
"Jul 29, 2026",,USD,广泛大词,广泛大词 组,bathtub mat non slip,BROAD,non slip bathtub mat,1338,6,0.45%,$1.08,$6.48,$24.11,,,1,1,,,,,
"Jul 30, 2026",,USD,广泛大词,广泛大词 组,bathtub mat non slip,BROAD,non slip bathtub mat,1030,4,0.39%,$1.10,$4.41,$24.11,,,1,1,,,,,
"Jul 31, 2026",,USD,广泛大词,广泛大词 组,bathtub mat non slip,BROAD,non slip bathtub mat,2251,15,0.67%,$1.10,$16.47,$48.21,,,2,2,,,,,
"Aug 01, 2026",,USD,广泛大词,广泛大词 组,bathtub mat non slip,BROAD,non slip bathtub mat,1474,10,0.68%,$1.10,$11.01,$72.32,,,3,3,,,,,
"Aug 02, 2026",,USD,广泛大词,广泛大词 组,bathtub mat non slip,BROAD,non slip bathtub mat,1010,4,0.4%,$1.10,$4.41,$0.00,,,0,0,,,,,
"Jul 25, 2026",,USD,广泛大词,广泛大词 组,bathtub mat non slip,BROAD,non slip bathtub mat 10 inch,11,2,18.18%,$1.10,$2.20,$0.00,,,0,0,,,,,
"Jul 13, 2026",,USD,广泛大词,广泛大词 组,bathtub mat non slip,BROAD,non slip bathtub mat rv,3,2,66.67%,$1.10,$2.20,$0.00,,,0,0,,,,,
"Jul 19, 2026",,USD,广泛大词,广泛大词 组,bathtub mat non slip,BROAD,non slip bathtub mat 30 portable small,1,1,100.0%,$1.10,$1.10,$0.00,,,0,0,,,,,
"Jul 17, 2026",,USD,广泛大词,广泛大词 组,bathtub mat non slip,BROAD,non slip bathtub mat easy clean,2,2,100.0%,$1.16,$2.31,$24.11,,,1,1,,,,,
"Jul 26, 2026",,USD,广泛大词,广泛大词 组,bathtub mat non slip,BROAD,non slip bathtub mat quick drying,19,1,5.26%,$1.16,$1.16,$0.00,,,0,0,,,,,
"Jul 10, 2026",,USD,广泛大词,广泛大词 组,bathtub mat non slip,BROAD,non slip bathtub mat machine washable,364,4,1.1%,$1.10,$4.41,$0.00,,,0,0,,,,,
"Jul 11, 2026",,USD,广泛大词,广泛大词 组,bathtub mat non slip,BROAD,non slip bathtub mat machine washable,275,4,1.45%,$1.08,$4.30,$0.00,,,0,0,,,,,
"Jul 12, 2026",,USD,广泛大词,广泛大词 组,bathtub mat non slip,BROAD,non slip bathtub mat machine washable,1749,15,0.86%,$1.10,$16.52,$88.95,,,3,3,,,,,
"Jul 13, 2026",,USD,广泛大词,广泛大词 组,bathtub mat non slip,BROAD,non slip bathtub mat machine washable,2438,15,0.62%,$1.10,$16.53,$0.00,,,0,0,,,,,
"Jul 14, 2026",,USD,广泛大词,广泛大词 组,bathtub mat non slip,BROAD,non slip bathtub mat machine washable,2679,22,0.82%,$1.05,$23.10,$111.21,,,4,4,,,,,
"Jul 15, 2026",,USD,广泛大词,广泛大词 组,bathtub mat non slip,BROAD,non slip bathtub mat machine washable,2642,19,0.72%,$1.10,$20.93,$70.39,,,2,2,,,,,
"Jul 16, 2026",,USD,广泛大词,广泛大词 组,bathtub mat non slip,BROAD,non slip bathtub mat machine washable,2793,9,0.32%,$1.10,$9.92,$48.21,,,2,2,,,,,
"Jul 17, 2026",,USD,广泛大词,广泛大词 组,bathtub mat non slip,BROAD,non slip bathtub mat machine washable,2800,23,0.82%,$1.08,$24.81,$72.32,,,3,3,,,,,
"Jul 18, 2026",,USD,广泛大词,广泛大词 组,bathtub mat non slip,BROAD,non slip bathtub mat machine washable,2136,21,0.98%,$1.09,$22.80,$134.39,,,5,5,,,,,
"Jul 19, 2026",,USD,广泛大词,广泛大词 组,bathtub mat non slip,BROAD,non slip bathtub mat machine washable,2141,15,0.7%,$1.09,$16.34,$24.11,,,1,1,,,,,
"Jul 20, 2026",,USD,广泛大词,广泛大词 组,bathtub mat non slip,BROAD,non slip bathtub mat machine washable,1551,17,1.1%,$1.06,$18.06,$48.21,,,2,2,,,,,
"Jul 21, 2026",,USD,广泛大词,广泛大词 组,bathtub mat non slip,BROAD,non slip bathtub mat machine washable,268,2,0.75%,$1.10,$2.20,$43.39,,,2,2,,,,,
"Jul 22, 2026",,USD,广泛大词,广泛大词 组,bathtub mat non slip,BROAD,non slip bathtub mat machine washable,876,9,1.03%,$1.10,$9.92,$24.11,,,1,1,,,,,
"Jul 23, 2026",,USD,广泛大词,广泛大词 组,bathtub mat non slip,BROAD,non slip bathtub mat machine washable,1682,15,0.89%,$1.10,$16.53,$48.21,,,2,2,,,,,
"Jul 24, 2026",,USD,广泛大词,广泛大词 组,bathtub mat non slip,BROAD,non slip bathtub mat machine washable,821,10,1.22%,$1.10,$11.02,$0.00,,,0,0,,,,,
"Jul 25, 2026",,USD,广泛大词,广泛大词 组,bathtub mat non slip,BROAD,non slip bathtub mat machine washable,869,8,0.92%,$1.10,$8.81,$59.30,,,2,2,,,,,
"Jul 27, 2026",,USD,广泛大词,广泛大词 组,bathtub mat non slip,BROAD,non slip bathtub mat machine washable,431,3,0.7%,$1.10,$3.31,$0.00,,,0,0,,,,,
"Jul 29, 2026",,USD,广泛大词,广泛大词 组,bathtub mat non slip,BROAD,non slip bathtub mat machine washable,438,2,0.46%,$1.10,$2.20,$0.00,,,0,0,,,,,
"Jul 30, 2026",,USD,广泛大词,广泛大词 组,bathtub mat non slip,BROAD,non slip bathtub mat machine washable,445,4,0.9%,$1.10,$4.41,$24.11,,,1,1,,,,,
"Jul 31, 2026",,USD,广泛大词,广泛大词 组,bathtub mat non slip,BROAD,non slip bathtub mat machine washable,1249,12,0.96%,$1.06,$12.75,$0.00,,,0,0,,,,,
"Aug 01, 2026",,USD,广泛大词,广泛大词 组,bathtub mat non slip,BROAD,non slip bathtub mat machine washable,529,3,0.57%,$0.99,$2.96,$0.00,,,0,0,,,,,
"Aug 02, 2026",,USD,广泛大词,广泛大词 组,bathtub mat non slip,BROAD,non slip bathtub mat machine washable,416,4,0.96%,$1.04,$4.16,$0.00,,,0,0,,,,,
"Jul 29, 2026",,USD,广泛大词,广泛大词 组,bathtub mat non slip,BROAD,non slip bathtub mat machine washable 30 inch,3,1,33.33%,$1.10,$1.10,$0.00,,,0,0,,,,,
"Jul 15, 2026",,USD,广泛大词,广泛大词 组,bathtub mat non slip,BROAD,non slip bathtub mat machine washable thick easy clean,3,2,66.67%,$1.10,$2.20,$0.00,,,0,0,,,,,
"Jul 12, 2026",,USD,广泛大词,广泛大词 组,bathtub mat non slip,BROAD,non slip bathtub mat with suction cups,7,1,14.29%,$1.10,$1.10,$0.00,,,0,0,,,,,
"Jul 31, 2026",,USD,广泛大词,广泛大词 组,bathtub mat non slip,BROAD,non slip shower stall mat machine washable rugs,1,1,100.0%,$1.10,$1.10,$0.00,,,0,0,,,,,
"Jul 19, 2026",,USD,广泛大词,广泛大词 组,bathtub mat non slip,BROAD,non slip shower stall mats,3,1,33.33%,$1.16,$1.16,$24.11,,,1,1,,,,,
"Jul 19, 2026",,USD,广泛大词,广泛大词 组,bathtub mat non slip,BROAD,non slip shower bathtub runner rug mat,10,1,10.0%,$1.10,$1.10,$0.00,,,0,0,,,,,
"Jul 29, 2026",,USD,广泛大词,广泛大词 组,bathtub mat non slip,BROAD,non slip shower bathtub runner rug mat,6,1,16.67%,$1.10,$1.10,$0.00,,,0,0,,,,,
"Jul 22, 2026",,USD,广泛大词,广泛大词 组,bathtub mat non slip,BROAD,non slip shower mat machine washable,5,1,20.0%,$1.11,$1.11,$0.00,,,0,0,,,,,
"Jul 27, 2026",,USD,广泛大词,广泛大词 组,bathtub mat non slip,BROAD,non slip easy clean bathtub natural,2,1,50.0%,$1.16,$1.16,$0.00,,,0,0,,,,,
"Jul 31, 2026",,USD,广泛大词,广泛大词 组,bathtub mat non slip,BROAD,non slip deluxe bathtub mat,5,1,20.0%,$1.10,$1.10,$0.00,,,0,0,,,,,
"Jul 29, 2026",,USD,广泛大词,广泛大词 组,bathtub mat non slip,BROAD,non slip long ultra bathtub mat,8,3,37.5%,$1.16,$3.47,$24.11,,,1,1,,,,,
"Aug 01, 2026",,USD,广泛大词,广泛大词 组,bathtub mat non slip,BROAD,non slip long ultra bathtub mat,2,1,50.0%,$1.10,$1.10,$0.00,,,0,0,,,,,
"Jul 28, 2026",,USD,广泛大词,广泛大词 组,bathtub mat non slip,BROAD,non slip extra long bathtub mat,3,1,33.33%,$1.16,$1.16,$0.00,,,0,0,,,,,
"Aug 02, 2026",,USD,广泛大词,广泛大词 组,bathtub mat non slip,BROAD,non slip pillows for walk in tub bathtub,4,1,25.0%,$1.10,$1.10,$0.00,,,0,0,,,,,
"Jul 15, 2026",,USD,广泛大词,广泛大词 组,bathtub mat non slip,BROAD,non slip everyday resistant mat 20 inch,3,2,66.67%,$1.10,$2.20,$0.00,,,0,0,,,,,
"Jul 22, 2026",,USD,广泛大词,广泛大词 组,bathtub mat non slip,BROAD,non slip travel mat for bathtub,12,1,8.33%,$1.10,$1.10,$0.00,,,0,0,,,,,
"Jul 12, 2026",,USD,广泛大词,广泛大词 组,bathtub mat non slip,BROAD,non slip quick drying bathtub mat,30,1,3.33%,$1.10,$1.10,$48.21,,,2,2,,,,,
"Jul 23, 2026",,USD,广泛大词,广泛大词 组,bathtub mat non slip,BROAD,non slip quick drying bathtub mat,260,2,0.77%,$1.10,$2.20,$0.00,,,0,0,,,,,
"Aug 01, 2026",,USD,广泛大词,广泛大词 组,bathtub mat non slip,BROAD,non slip norvane bathtub mat,13,1,7.69%,$1.08,$1.08,$0.00,,,0,0,,,,,
"Jul 30, 2026",,USD,广泛大词,广泛大词 组,bathtub mat non slip,BROAD,non slip textured compact tub draining,2,1,50.0%,$1.10,$1.10,$0.00,,,0,0,,,,,
"Jul 12, 2026",,USD,广泛大词,广泛大词 组,bathtub mat non slip,BROAD,non slip mat runners wide bathtub 20 inch,6,2,33.33%,$1.10,$2.20,$0.00,,,0,0,,,,,
"Jul 13, 2026",,USD,广泛大词,广泛大词 组,bathtub mat non slip,BROAD,non slip mat for trusted bathtub pillow,1,1,100.0%,$1.10,$1.10,$0.00,,,0,0,,,,,
"Jul 14, 2026",,USD,广泛大词,广泛大词 组,bathtub mat non slip,BROAD,non slip mat for bathtub,113,2,1.77%,$1.10,$2.20,$48.21,,,2,2,,,,,
"Jul 15, 2026",,USD,广泛大词,广泛大词 组,bathtub mat non slip,BROAD,non slip mat for bathtub,191,3,1.57%,$1.10,$3.31,$0.00,,,0,0,,,,,
"Jul 18, 2026",,USD,广泛大词,广泛大词 组,bathtub mat non slip,BROAD,non slip mat for bathtub,128,1,0.78%,$1.10,$1.10,$0.00,,,0,0,,,,,
"Jul 23, 2026",,USD,广泛大词,广泛大词 组,bathtub mat non slip,BROAD,non slip mat for bathtub,135,3,2.22%,$1.10,$3.31,$0.00,,,0,0,,,,,
"Jul 24, 2026",,USD,广泛大词,广泛大词 组,bathtub mat non slip,BROAD,non slip mat for bathtub,91,1,1.1%,$1.10,$1.10,$0.00,,,0,0,,,,,
"Jul 26, 2026",,USD,广泛大词,广泛大词 组,bathtub mat non slip,BROAD,non slip mat for bathtub,5,1,20.0%,$1.16,$1.16,$0.00,,,0,0,,,,,
"Jul 31, 2026",,USD,广泛大词,广泛大词 组,bathtub mat non slip,BROAD,non slip mat for bathtub,270,1,0.37%,$1.10,$1.10,$0.00,,,0,0,,,,,
"Jul 13, 2026",,USD,广泛大词,广泛大词 组,bathtub mat non slip,BROAD,non slip mat bathtub,20,2,10.0%,$1.10,$2.20,$0.00,,,0,0,,,,,
"Jul 18, 2026",,USD,广泛大词,广泛大词 组,bathtub mat non slip,BROAD,non slip mat bathtub,30,1,3.33%,$1.10,$1.10,$0.00,,,0,0,,,,,
"Jul 27, 2026",,USD,广泛大词,广泛大词 组,bathtub mat non slip,BROAD,non slip mat bathtub,20,2,10.0%,$1.10,$2.20,$0.00,,,0,0,,,,,
"Jul 30, 2026",,USD,广泛大词,广泛大词 组,bathtub mat non slip,BROAD,non slip mat bathtub,36,2,5.56%,$1.10,$2.20,$0.00,,,0,0,,,,,
"Jul 31, 2026",,USD,广泛大词,广泛大词 组,bathtub mat non slip,BROAD,non slip mat bathtub,34,2,5.88%,$1.10,$2.20,$0.00,,,0,0,,,,,
"Jul 14, 2026",,USD,广泛大词,广泛大词 组,bathtub mat non slip,BROAD,non slip mat bathtub machine washable,39,2,5.13%,$1.10,$2.20,$0.00,,,0,0,,,,,
"Jul 30, 2026",,USD,广泛大词,广泛大词 组,bathtub mat non slip,BROAD,non slip walk in tub natural mat,1,1,100.0%,$1.10,$1.10,$0.00,,,0,0,,,,,
"Jul 25, 2026",,USD,广泛大词,广泛大词 组,bathtub mat non slip,BROAD,koveras rug dorm bathtub mat,4,1,25.0%,$1.16,$1.16,$0.00,,,0,0,,,,,
"Jul 26, 2026",,USD,广泛大词,广泛大词 组,bathtub mat non slip,BROAD,koveras bathtub mat,3,2,66.67%,$1.10,$2.20,$0.00,,,0,0,,,,,
"Jul 14, 2026",,USD,广泛大词,广泛大词 组,bathtub mat non slip,BROAD,koveras bathtub mat 30 inch,21,2,9.52%,$1.10,$2.20,$0.00,,,0,0,,,,,
"Jul 16, 2026",,USD,广泛大词,广泛大词 组,bathtub mat non slip,BROAD,non slip machine washable bathtub mat,122,2,1.64%,$1.10,$2.20,$0.00,,,0,0,,,,,
"Jul 22, 2026",,USD,广泛大词,广泛大词 组,bathtub mat non slip,BROAD,non slip machine washable bathtub mat,52,1,1.92%,$1.10,$1.10,$0.00,,,0,0,,,,,
"Jul 16, 2026",,USD,广泛大词,广泛大词 组,bathtub mat non slip,BROAD,non slip machine washable bathtub mat full essential,1,1,100.0%,$1.16,$1.16,$0.00,,,0,0,,,,,
"Jul 20, 2026",,USD,广泛大词,广泛大词 组,bathtub mat non slip,BROAD,non slip machine washable bathtub mat rv quality,3,1,33.33%,$1.16,$1.16,$0.00,,,0,0,,,,,
"Jul 27, 2026",,USD,广泛大词,广泛大词 组,bathtub mat non slip,BROAD,kovera all day bathtub comfort runner rugs,13,2,15.38%,$1.16,$2.31,$0.00,,,0,0,,,,,
"Jul 23, 2026",,USD,广泛大词,广泛大词 组,bathtub mat non slip,BROAD,kovera all day comfort runner rugs,26,3,11.54%,$1.10,$3.29,$0.00,,,0,0,,,,,
"Jul 24, 2026",,USD,广泛大词,广泛大词 组,bathtub mat non slip,BROAD,kovera all day comfort runner rugs,19,5,26.32%,$0.95,$4.74,$0.00,,,0,0,,,,,
"Jul 27, 2026",,USD,广泛大词,广泛大词 组,bathtub mat non slip,BROAD,kovera all day comfort runner rugs,25,1,4.0%,$0.89,$0.89,$0.00,,,0,0,,,,,
"Jul 23, 2026",,USD,广泛大词,广泛大词 组,bathtub mat non slip,BROAD,kovera mat,16,3,18.75%,$1.11,$3.32,$24.11,,,1,1,,,,,
"Jul 25, 2026",,USD,广泛大词,广泛大词 组,bathtub mat non slip,BROAD,kovera mat,6,1,16.67%,$0.88,$0.88,$0.00,,,0,0,,,,,
"Jul 26, 2026",,USD,广泛大词,广泛大词 组,bathtub mat non slip,BROAD,kovera mat,19,3,15.79%,$1.12,$3.37,$0.00,,,0,0,,,,,
"Jul 27, 2026",,USD,广泛大词,广泛大词 组,bathtub mat non slip,BROAD,kovera mat,31,3,9.68%,$1.04,$3.11,$0.00,,,0,0,,,,,
"Jul 31, 2026",,USD,广泛大词,广泛大词 组,bathtub mat non slip,BROAD,kovera mat,56,5,8.93%,$1.00,$5.00,$48.21,,,2,2,,,,,
"Aug 01, 2026",,USD,广泛大词,广泛大词 组,bathtub mat non slip,BROAD,kovera mat,53,1,1.89%,$1.07,$1.07,$0.00,,,0,0,,,,,
"Aug 02, 2026",,USD,广泛大词,广泛大词 组,bathtub mat non slip,BROAD,kovera mat,74,6,8.11%,$1.01,$6.09,$48.21,,,2,2,,,,,
"Aug 01, 2026",,USD,广泛大词,广泛大词 组,bathtub mat non slip,BROAD,anti slip skid free toilet brushes with corner comfort,1,1,100.0%,$1.10,$1.10,$0.00,,,0,0,,,,,
"Jul 11, 2026",,USD,广泛大词,广泛大词 组,bathtub mat non slip,BROAD,anti slip dorm rugs,1,1,100.0%,$1.10,$1.10,$0.00,,,0,0,,,,,
"Jul 18, 2026",,USD,广泛大词,广泛大词 组,bathtub mat non slip,BROAD,anti slip premium flexible bathtub strips,1,1,100.0%,$1.16,$1.16,$0.00,,,0,0,,,,,
"Jul 15, 2026",,USD,广泛大词,广泛大词 组,bathtub mat non slip,BROAD,anti slip machine washable mat for bathtub modern senior home,3,1,33.33%,$1.10,$1.10,$0.00,,,0,0,,,,,
"Jul 27, 2026",,USD,广泛大词,广泛大词 组,bathtub mat non slip,BROAD,original travel shower floor mat non slip,3,2,66.67%,$1.16,$2.31,$0.00,,,0,0,,,,,
"Jul 24, 2026",,USD,广泛大词,广泛大词 组,bathtub mat non slip,BROAD,zentab non slip bathtub mat,1,1,100.0%,$1.16,$1.16,$0.00,,,0,0,,,,,
"Jul 17, 2026",,USD,广泛大词,广泛大词 组,bathtub mat non slip,BROAD,zentab non slip bathtub mat size 3,17,1,5.88%,$0.97,$0.97,$0.00,,,0,0,,,,,
"Jul 30, 2026",,USD,广泛大词,广泛大词 组,bathtub mat non slip,BROAD,zentab non slip bathtub mat large,14,2,14.29%,$1.10,$2.20,$0.00,,,0,0,,,,,
"Jul 12, 2026",,USD,广泛大词,广泛大词 组,bathtub mat non slip,BROAD,ulmaro non slip bathtub mat,2,1,50.0%,$1.09,$1.09,$48.21,,,2,2,,,,,
"Jul 20, 2026",,USD,广泛大词,广泛大词 组,bathtub mat non slip,BROAD,extra long machine washable bathtub mat anti slip,3,1,33.33%,$1.16,$1.16,$0.00,,,0,0,,,,,
"Aug 02, 2026",,USD,广泛大词,广泛大词 组,bathtub mat non slip,BROAD,durable mat non slip shower floor,3,1,33.33%,$1.10,$1.10,$0.00,,,0,0,,,,,
"Jul 14, 2026",,USD,广泛大词,广泛大词 组,bathtub mat non slip,BROAD,safety mat non slip,2,1,50.0%,$1.10,$1.10,$0.00,,,0,0,,,,,
"Jul 27, 2026",,USD,广泛大词,广泛大词 组,bathtub mat non slip,BROAD,lightweight improved bathtub deluxe non slip,5,1,20.0%,$1.10,$1.10,$0.00,,,0,0,,,,,
"Jul 25, 2026",,USD,广泛大词,广泛大词 组,bathtub mat non slip,BROAD,quick drying bathtub runner rugs non slip,2,2,100.0%,$1.16,$2.31,$0.00,,,0,0,,,,,
"Jul 12, 2026",,USD,广泛大词,广泛大词 组,bathtub mat non slip,BROAD,quick drying bathtub mat non slip,13,1,7.69%,$1.10,$1.10,$0.00,,,0,0,,,,,
"Jul 13, 2026",,USD,广泛大词,广泛大词 组,bathtub mat non slip,BROAD,quick drying bathtub mat non slip,19,1,5.26%,$1.10,$1.10,$0.00,,,0,0,,,,,
"Jul 16, 2026",,USD,广泛大词,广泛大词 组,bathtub mat non slip,BROAD,quick drying bathtub mat non slip,13,1,7.69%,$1.10,$1.10,$0.00,,,0,0,,,,,
"Jul 29, 2026",,USD,广泛大词,广泛大词 组,bathtub mat non slip,BROAD,quick drying bathtub mat non slip,10,1,10.0%,$1.10,$1.10,$0.00,,,0,0,,,,,
"Jul 30, 2026",,USD,广泛大词,广泛大词 组,bathtub mat non slip,BROAD,quick drying bathtub mat non slip,20,1,5.0%,$1.10,$1.10,$0.00,,,0,0,,,,,
"Jul 21, 2026",,USD,广泛大词,广泛大词 组,bathtub mat non slip,BROAD,pellura shower runners,11,2,18.18%,$1.16,$2.31,$0.00,,,0,0,,,,,
"Jul 22, 2026",,USD,广泛大词,广泛大词 组,bathtub mat non slip,BROAD,pellura shower runners,35,3,8.57%,$1.14,$3.41,$24.11,,,1,1,,,,,
"Jul 23, 2026",,USD,广泛大词,广泛大词 组,bathtub mat non slip,BROAD,pellura shower runners,24,1,4.17%,$1.16,$1.16,$0.00,,,0,0,,,,,
"Aug 01, 2026",,USD,广泛大词,广泛大词 组,bathtub mat non slip,BROAD,noblis non slip bathtub mat,9,1,11.11%,$0.98,$0.98,$0.00,,,0,0,,,,,
"Jul 25, 2026",,USD,广泛大词,广泛大词 组,bathtub mat non slip,BROAD,noblis non slip mat for bathtub machine washable thick tub grip,8,3,37.5%,$1.15,$3.44,$0.00,,,0,0,,,,,
"Jul 13, 2026",,USD,广泛大词,广泛大词 组,bathtub mat non slip,BROAD,velmo bathtub mat non slip,47,2,4.26%,$1.10,$2.20,$0.00,,,0,0,,,,,
"Jul 25, 2026",,USD,广泛大词,广泛大词 组,bathtub mat non slip,BROAD,apartment deluxe nonslip bathtub mat,2,2,100.0%,$1.05,$2.10,$0.00,,,0,0,,,,,
"Jul 30, 2026",,USD,广泛大词,广泛大词 组,bathtub mat non slip,BROAD,norvane nonslip rugs,1,1,100.0%,$1.10,$1.10,$0.00,,,0,0,,,,,
"Jul 26, 2026",,USD,广泛大词,广泛大词 组,bathtub mat non slip,BROAD,norvane non slip bathtub mat,15,1,6.67%,$1.16,$1.16,$0.00,,,0,0,,,,,
"Jul 31, 2026",,USD,广泛大词,广泛大词 组,bathtub mat non slip,BROAD,norvane non slip bathtub mat,2,1,50.0%,$1.10,$1.10,$0.00,,,0,0,,,,,
"Jul 26, 2026",,USD,广泛大词,广泛大词 组,bathtub mat non slip,BROAD,norvane non slip bathtub mat size xx,3,1,33.33%,$1.16,$1.16,$0.00,,,0,0,,,,,
"Jul 26, 2026",,USD,广泛大词,广泛大词 组,bathtub mat non slip,BROAD,norvane pillows non slip,13,1,7.69%,$1.16,$1.16,$0.00,,,0,0,,,,,
"Jul 31, 2026",,USD,广泛大词,广泛大词 组,bathtub mat non slip,BROAD,norvane pillows non slip,51,1,1.96%,$1.10,$1.10,$0.00,,,0,0,,,,,
"Jul 18, 2026",,USD,广泛大词,广泛大词 组,bathtub mat non slip,BROAD,the best nonslip mat for bathtub,2,2,100.0%,$1.16,$2.31,$0.00,,,0,0,,,,,
"Jul 23, 2026",,USD,广泛大词,广泛大词 组,bathtub mat non slip,BROAD,sorvel non slip bathtub mat,38,2,5.26%,$1.10,$2.19,$0.00,,,0,0,,,,,
"Jul 26, 2026",,USD,广泛大词,广泛大词 组,bathtub mat non slip,BROAD,sorvel non slip bathtub mat,44,2,4.55%,$1.00,$1.99,$0.00,,,0,0,,,,,
"Jul 19, 2026",,USD,广泛大词,广泛大词 组,bathtub mat non slip,BROAD,mat for pebble bathtub non slip,20,1,5.0%,$1.10,$1.10,$24.11,,,1,1,,,,,
"Jul 27, 2026",,USD,广泛大词,广泛大词 组,bathtub mat non slip,BROAD,mat for pebble bathtub non slip,13,2,15.38%,$0.89,$1.78,$24.11,,,1,1,,,,,
"Jul 26, 2026",,USD,广泛大词,广泛大词 组,bathtub mat non slip,BROAD,mat non slip with bathtub,16,1,6.25%,$1.16,$1.16,$0.00,,,0,0,,,,,
"Jul 15, 2026",,USD,广泛大词,广泛大词 组,bathtub mat non slip,BROAD,mat non slip with foldable,2,1,50.0%,$1.10,$1.10,$0.00,,,0,0,,,,,
"Jul 17, 2026",,USD,广泛大词,广泛大词 组,bathtub mat non slip,BROAD,hotel dorm skid free toilet brushes non slip,1,1,100.0%,$1.16,$1.16,$0.00,,,0,0,,,,,
"Jul 23, 2026",,USD,广泛大词,广泛大词 组,bathtub mat non slip,BROAD,machine washable bathtub runner rugs non slip,3,2,66.67%,$1.16,$2.31,$0.00,,,0,0,,,,,
"Jul 12, 2026",,USD,广泛大词,广泛大词 组,bathtub mat non slip,BROAD,machine washable bathtub mat non slip,27,1,3.7%,$1.10,$1.10,$0.00,,,0,0,,,,,
"Jul 17, 2026",,USD,广泛大词,广泛大词 组,bathtub mat non slip,BROAD,machine washable bathtub mat non slip,198,4,2.02%,$1.10,$4.41,$70.39,,,2,2,,,,,
"Jul 19, 2026",,USD,广泛大词,广泛大词 组,bathtub mat non slip,BROAD,machine washable bathtub mat non slip,191,1,0.52%,$1.10,$1.10,$0.00,,,0,0,,,,,
"Jul 22, 2026",,USD,广泛大词,广泛大词 组,bathtub mat non slip,BROAD,machine washable bathtub mat non slip,69,2,2.9%,$1.16,$2.31,$0.00,,,0,0,,,,,
"Jul 26, 2026",,USD,广泛大词,广泛大词 组,bathtub mat non slip,BROAD,machine washable bathtub mat non slip,112,2,1.79%,$0.95,$1.90,$0.00,,,0,0,,,,,
"Jul 29, 2026",,USD,广泛大词,广泛大词 组,bathtub mat non slip,BROAD,machine washable bathtub mat non slip,89,1,1.12%,$1.16,$1.16,$0.00,,,0,0,,,,,
"Aug 01, 2026",,USD,广泛大词,广泛大词 组,bathtub mat non slip,BROAD,machine washable bathtub mat non slip,43,2,4.65%,$1.06,$2.13,$0.00,,,0,0,,,,,
"Jul 15, 2026",,USD,广泛大词,广泛大词 组,bathtub mat non slip,BROAD,machine washable bathtub mat quick drying anti slip,2,1,50.0%,$1.10,$1.10,$86.06,,,3,3,,,,,
"Jul 11, 2026",,USD,广泛大词,广泛大词 组,bathtub mat non slip,BROAD,tub draining mat for luxury essential,1,1,100.0%,$1.10,$1.10,$0.00,,,0,0,,,,,
"Jul 22, 2026",,USD,广泛大词,广泛大词 组,bathtub mat non slip,BROAD,dorm non slip 10 inch bathtub mat,27,1,3.7%,$1.16,$1.16,$0.00,,,0,0,,,,,
"Jul 16, 2026",,USD,广泛大词,广泛大词 组,bathtub mat non slip,BROAD,improved anti slip walk in tub bathtub mat,1,1,100.0%,$1.10,$1.10,$67.50,,,2,2,,,,,
"Jul 14, 2026",,USD,广泛大词,广泛大词 组,bathtub mat non slip,BROAD,gym nonslip bathtub mat,6,2,33.33%,$1.10,$2.20,$0.00,,,0,0,,,,,
"Jul 18, 2026",,USD,广泛大词,广泛大词 组,bathtub mat non slip,BROAD,gym nonslip bathtub mat,13,1,7.69%,$1.10,$1.10,$0.00,,,0,0,,,,,
"Jul 27, 2026",,USD,精确主干,精确主干 组,anti slip bathtub mat machine washable,EXACT,nonslip bathtub mat machine washable,60,2,3.33%,$1.06,$2.12,$0.00,,,0,0,,,,,
"Jul 08, 2026",,USD,精确主干,精确主干 组,anti slip bathtub mat machine washable,EXACT,non slip bathtub mat machine washable,90,1,1.11%,$0.98,$0.98,$0.00,,,0,0,,,,,
"Jul 22, 2026",,USD,精确主干,精确主干 组,anti slip bathtub mat machine washable,EXACT,non slip bathtub mat machine washable,392,4,1.02%,$1.06,$4.24,$0.00,,,0,0,,,,,
"Jul 24, 2026",,USD,精确主干,精确主干 组,anti slip bathtub mat machine washable,EXACT,non slip bathtub mat machine washable,1104,2,0.18%,$1.06,$2.12,$0.00,,,0,0,,,,,
"Jul 25, 2026",,USD,精确主干,精确主干 组,anti slip bathtub mat machine washable,EXACT,non slip bathtub mat machine washable,605,1,0.17%,$1.06,$1.06,$0.00,,,0,0,,,,,
"Jul 26, 2026",,USD,精确主干,精确主干 组,anti slip bathtub mat machine washable,EXACT,non slip bathtub mat machine washable,94,2,2.13%,$1.06,$2.12,$0.00,,,0,0,,,,,
"Jul 27, 2026",,USD,精确主干,精确主干 组,anti slip bathtub mat machine washable,EXACT,non slip bathtub mat machine washable,497,3,0.6%,$1.06,$3.18,$0.00,,,0,0,,,,,
"Jul 30, 2026",,USD,精确主干,精确主干 组,anti slip bathtub mat machine washable,EXACT,non slip bathtub mat machine washable,142,1,0.7%,$1.06,$1.06,$0.00,,,0,0,,,,,
"Aug 02, 2026",,USD,精确主干,精确主干 组,anti slip bathtub mat machine washable,EXACT,non slip bathtub mat machine washable,349,4,1.15%,$1.06,$4.24,$70.39,,,2,2,,,,,
"Jul 27, 2026",,USD,属性-吸盘款,属性-吸盘款 组,nonslip bathtub mat with suction cups,BROAD,20 inch nonslip bathtub mat,40,2,5.0%,$1.17,$2.34,$0.00,,,0,0,,,,,
"Jul 31, 2026",,USD,属性-吸盘款,属性-吸盘款 组,nonslip bathtub mat with suction cups,BROAD,20 inch nonslip bathtub mat,40,1,2.5%,$1.17,$1.17,$70.39,,,2,2,,,,,
"Jul 24, 2026",,USD,属性-吸盘款,属性-吸盘款 组,nonslip bathtub mat with suction cups,BROAD,nordic non slip bathtub mat with suction cups,5,2,40.0%,$1.17,$2.34,$48.21,,,2,2,,,,,
"Jul 27, 2026",,USD,属性-吸盘款,属性-吸盘款 组,nonslip bathtub mat with suction cups,BROAD,nordly bathtub mat non slip,3,1,33.33%,$1.17,$1.17,$35.20,,,1,1,,,,,
"Jul 28, 2026",,USD,属性-吸盘款,属性-吸盘款 组,nonslip bathtub mat with suction cups,BROAD,nordly bathtub mat non slip,1,1,100.0%,$1.17,$1.17,$24.11,,,1,1,,,,,
"Aug 01, 2026",,USD,属性-吸盘款,属性-吸盘款 组,nonslip bathtub mat with suction cups,BROAD,dorm bathtub mat non slip,19,1,5.26%,$1.17,$1.17,$0.00,,,0,0,,,,,
"Jul 30, 2026",,USD,属性-吸盘款,属性-吸盘款 组,nonslip bathtub mat with suction cups,BROAD,travel in comfort in anti slip mat,2,2,100.0%,$1.17,$2.34,$0.00,,,0,0,,,,,
"Jul 31, 2026",,USD,属性-吸盘款,属性-吸盘款 组,nonslip bathtub mat with suction cups,BROAD,halvex nonslip bathtub mat,2,1,50.0%,$1.17,$1.17,$0.00,,,0,0,,,,,
"Jul 23, 2026",,USD,属性-吸盘款,属性-吸盘款 组,nonslip bathtub mat with suction cups,BROAD,rubber bathtub mat non slip with suction cups compact,2,2,100.0%,$1.17,$2.34,$48.21,,,2,2,,,,,
"Aug 02, 2026",,USD,属性-吸盘款,属性-吸盘款 组,nonslip bathtub mat with suction cups,BROAD,quorras non slip,134,1,0.75%,$1.17,$1.17,$0.00,,,0,0,,,,,
"Jul 27, 2026",,USD,属性-吸盘款,属性-吸盘款 组,nonslip bathtub mat with suction cups,BROAD,mini shower stall 5 textured mat non slip bathtub,17,1,5.88%,$1.17,$1.17,$0.00,,,0,0,,,,,
"Aug 02, 2026",,USD,属性-吸盘款,属性-吸盘款 组,nonslip bathtub mat with suction cups,BROAD,mirabel bathtub mat anti slip,6,1,16.67%,$1.17,$1.17,$24.11,,,1,1,,,,,
"Jul 30, 2026",,USD,属性-吸盘款,属性-吸盘款 组,nonslip bathtub mat with suction cups,BROAD,bathtub anti slip mat suction cups compact,1,1,100.0%,$1.17,$1.17,$35.20,,,1,1,,,,,
"Jul 24, 2026",,USD,属性-吸盘款,属性-吸盘款 组,nonslip bathtub mat with suction cups,BROAD,bathtub mat non slip,88,1,1.14%,$1.17,$1.17,$0.00,,,0,0,,,,,
"Jul 25, 2026",,USD,属性-吸盘款,属性-吸盘款 组,nonslip bathtub mat with suction cups,BROAD,bathtub mat non slip,298,6,2.01%,$1.17,$7.03,$24.11,,,1,1,,,,,
"Jul 27, 2026",,USD,属性-吸盘款,属性-吸盘款 组,nonslip bathtub mat with suction cups,BROAD,bathtub mat non slip,148,2,1.35%,$1.17,$2.34,$0.00,,,0,0,,,,,
"Jul 28, 2026",,USD,属性-吸盘款,属性-吸盘款 组,nonslip bathtub mat with suction cups,BROAD,bathtub mat non slip,90,3,3.33%,$1.17,$3.51,$0.00,,,0,0,,,,,
"Jul 30, 2026",,USD,属性-吸盘款,属性-吸盘款 组,nonslip bathtub mat with suction cups,BROAD,bathtub mat non slip,374,3,0.8%,$1.17,$3.51,$0.00,,,0,0,,,,,
"Jul 31, 2026",,USD,属性-吸盘款,属性-吸盘款 组,nonslip bathtub mat with suction cups,BROAD,bathtub mat non slip,116,4,3.45%,$1.17,$4.69,$0.00,,,0,0,,,,,
"Jul 28, 2026",,USD,属性-吸盘款,属性-吸盘款 组,nonslip bathtub mat with suction cups,BROAD,bathtub mat non slip 30 inch gray,7,2,28.57%,$1.17,$2.34,$0.00,,,0,0,,,,,
"Jul 24, 2026",,USD,属性-吸盘款,属性-吸盘款 组,nonslip bathtub mat with suction cups,BROAD,bathtub mat non slip with suction cups,4,2,50.0%,$1.17,$2.34,$48.21,,,2,2,,,,,
"Jul 24, 2026",,USD,属性-吸盘款,属性-吸盘款 组,nonslip bathtub mat with suction cups,BROAD,bathtub mat anti slip,10,2,20.0%,$1.17,$2.34,$0.00,,,0,0,,,,,
"Jul 27, 2026",,USD,属性-吸盘款,属性-吸盘款 组,nonslip bathtub mat with suction cups,BROAD,bathtub mat anti slip small,20,1,5.0%,$1.17,$1.17,$0.00,,,0,0,,,,,
"Aug 02, 2026",,USD,属性-吸盘款,属性-吸盘款 组,nonslip bathtub mat with suction cups,BROAD,spa luxury mat for walk in tub bathtub non slip,1,1,100.0%,$1.17,$1.17,$0.00,,,0,0,,,,,
"Jul 25, 2026",,USD,属性-吸盘款,属性-吸盘款 组,nonslip bathtub mat with suction cups,BROAD,anti slip bathtub mat,54,2,3.7%,$1.17,$2.34,$0.00,,,0,0,,,,,
"Aug 02, 2026",,USD,属性-吸盘款,属性-吸盘款 组,nonslip bathtub mat with suction cups,BROAD,anti slip bathtub mat,31,1,3.23%,$1.17,$1.17,$24.11,,,1,1,,,,,
"Jul 24, 2026",,USD,属性-吸盘款,属性-吸盘款 组,nonslip bathtub mat with suction cups,BROAD,ko vera bathtub mat,254,1,0.39%,$1.17,$1.17,$0.00,,,0,0,,,,,
"Jul 27, 2026",,USD,属性-吸盘款,属性-吸盘款 组,nonslip bathtub mat with suction cups,BROAD,ko vera bathtub mat,157,2,1.27%,$0.65,$1.30,$0.00,,,0,0,,,,,
"Jul 29, 2026",,USD,属性-吸盘款,属性-吸盘款 组,nonslip bathtub mat with suction cups,BROAD,ko vera bathtub mat,390,2,0.51%,$1.17,$2.34,$0.00,,,0,0,,,,,
"Jul 31, 2026",,USD,属性-吸盘款,属性-吸盘款 组,nonslip bathtub mat with suction cups,BROAD,ko vera bathtub mat,112,1,0.89%,$1.17,$1.17,$0.00,,,0,0,,,,,
"Aug 02, 2026",,USD,属性-吸盘款,属性-吸盘款 组,nonslip bathtub mat with suction cups,BROAD,ko vera bathtub mat,22,1,4.55%,$1.17,$1.17,$24.11,,,1,1,,,,,
"Jul 22, 2026",,USD,属性-吸盘款,属性-吸盘款 组,nonslip bathtub mat with suction cups,BROAD,nonslip bathtub mat,22,1,4.55%,$1.17,$1.17,$0.00,,,0,0,,,,,
"Jul 24, 2026",,USD,属性-吸盘款,属性-吸盘款 组,nonslip bathtub mat with suction cups,BROAD,nonslip bathtub mat,65,1,1.54%,$1.17,$1.17,$0.00,,,0,0,,,,,
"Jul 25, 2026",,USD,属性-吸盘款,属性-吸盘款 组,nonslip bathtub mat with suction cups,BROAD,nonslip bathtub mat,88,4,4.55%,$1.17,$4.69,$59.30,,,2,2,,,,,
"Aug 02, 2026",,USD,属性-吸盘款,属性-吸盘款 组,nonslip bathtub mat with suction cups,BROAD,nonslip bathtub mat,140,2,1.43%,$1.17,$2.34,$24.11,,,1,1,,,,,
"Jul 22, 2026",,USD,属性-吸盘款,属性-吸盘款 组,nonslip bathtub mat with suction cups,BROAD,nonslip bathtub mat with suction cups,2,2,100.0%,$1.17,$2.34,$0.00,,,0,0,,,,,
"Jul 22, 2026",,USD,属性-吸盘款,属性-吸盘款 组,nonslip bathtub mat with suction cups,BROAD,nonslip shower bathtub runner rug mat,9,2,22.22%,$1.17,$2.34,$0.00,,,0,0,,,,,
"Jul 26, 2026",,USD,属性-吸盘款,属性-吸盘款 组,nonslip bathtub mat with suction cups,BROAD,nonslip quick drying bathtub runner rugs strong and corner,102,3,2.94%,$1.15,$3.45,$48.21,,,2,2,,,,,
"Jul 28, 2026",,USD,属性-吸盘款,属性-吸盘款 组,nonslip bathtub mat with suction cups,BROAD,non slip quorras,66,2,3.03%,$1.17,$2.34,$0.00,,,0,0,,,,,
"Jul 24, 2026",,USD,属性-吸盘款,属性-吸盘款 组,nonslip bathtub mat with suction cups,BROAD,non slip bathtub runner rugs,129,2,1.55%,$1.17,$2.34,$0.00,,,0,0,,,,,
"Jul 25, 2026",,USD,属性-吸盘款,属性-吸盘款 组,nonslip bathtub mat with suction cups,BROAD,non slip bathtub runner rugs,262,1,0.38%,$1.17,$1.17,$72.32,,,3,3,,,,,
"Jul 26, 2026",,USD,属性-吸盘款,属性-吸盘款 组,nonslip bathtub mat with suction cups,BROAD,non slip bathtub runner rugs,500,9,1.8%,$1.17,$10.50,$0.00,,,0,0,,,,,
"Jul 27, 2026",,USD,属性-吸盘款,属性-吸盘款 组,nonslip bathtub mat with suction cups,BROAD,non slip bathtub runner rugs,47,1,2.13%,$1.17,$1.17,$0.00,,,0,0,,,,,
"Aug 01, 2026",,USD,属性-吸盘款,属性-吸盘款 组,nonslip bathtub mat with suction cups,BROAD,non slip bathtub wide runner rugs,11,1,9.09%,$1.17,$1.17,$0.00,,,0,0,,,,,
"Jul 30, 2026",,USD,属性-吸盘款,属性-吸盘款 组,nonslip bathtub mat with suction cups,BROAD,non slip bathtub products,2,1,50.0%,$1.17,$1.17,$0.00,,,0,0,,,,,
"Aug 02, 2026",,USD,属性-吸盘款,属性-吸盘款 组,nonslip bathtub mat with suction cups,BROAD,non slip bathtub strips,4,1,25.0%,$1.17,$1.17,$0.00,,,0,0,,,,,
"Jul 23, 2026",,USD,属性-吸盘款,属性-吸盘款 组,nonslip bathtub mat with suction cups,BROAD,non slip bathtub mat,151,4,2.65%,$1.17,$4.69,$0.00,,,0,0,,,,,
"Jul 24, 2026",,USD,属性-吸盘款,属性-吸盘款 组,nonslip bathtub mat with suction cups,BROAD,non slip bathtub mat,64,1,1.56%,$1.17,$1.17,$0.00,,,0,0,,,,,
"Jul 28, 2026",,USD,属性-吸盘款,属性-吸盘款 组,nonslip bathtub mat with suction cups,BROAD,non slip bathtub mat,91,2,2.2%,$1.17,$2.34,$24.11,,,1,1,,,,,
"Jul 30, 2026",,USD,属性-吸盘款,属性-吸盘款 组,nonslip bathtub mat with suction cups,BROAD,non slip bathtub mat,262,1,0.38%,$1.17,$1.17,$35.20,,,1,1,,,,,
"Aug 01, 2026",,USD,属性-吸盘款,属性-吸盘款 组,nonslip bathtub mat with suction cups,BROAD,non slip bathtub mat,204,1,0.49%,$0.95,$0.95,$48.21,,,2,2,,,,,
"Aug 02, 2026",,USD,属性-吸盘款,属性-吸盘款 组,nonslip bathtub mat with suction cups,BROAD,non slip bathtub mat,391,2,0.51%,$1.17,$2.34,$0.00,,,0,0,,,,,
"Jul 31, 2026",,USD,属性-吸盘款,属性-吸盘款 组,nonslip bathtub mat with suction cups,BROAD,non slip bathtub mat 20 inch,2,1,50.0%,$1.17,$1.17,$0.00,,,0,0,,,,,
"Jul 22, 2026",,USD,属性-吸盘款,属性-吸盘款 组,nonslip bathtub mat with suction cups,BROAD,non slip bathtub mat top suction cups compact,3,1,33.33%,$1.17,$1.17,$0.00,,,0,0,,,,,
"Jul 23, 2026",,USD,属性-吸盘款,属性-吸盘款 组,nonslip bathtub mat with suction cups,BROAD,non slip bathtub mat machine washable,162,4,2.47%,$1.17,$4.69,$0.00,,,0,0,,,,,
"Jul 24, 2026",,USD,属性-吸盘款,属性-吸盘款 组,nonslip bathtub mat with suction cups,BROAD,non slip bathtub mat machine washable,146,1,0.68%,$1.17,$1.17,$0.00,,,0,0,,,,,
"Jul 26, 2026",,USD,属性-吸盘款,属性-吸盘款 组,nonslip bathtub mat with suction cups,BROAD,non slip bathtub mat machine washable,116,1,0.86%,$1.17,$1.17,$70.39,,,2,2,,,,,
"Jul 27, 2026",,USD,属性-吸盘款,属性-吸盘款 组,nonslip bathtub mat with suction cups,BROAD,non slip bathtub mat machine washable,70,2,2.86%,$1.17,$2.34,$0.00,,,0,0,,,,,
"Jul 28, 2026",,USD,属性-吸盘款,属性-吸盘款 组,nonslip bathtub mat with suction cups,BROAD,non slip bathtub mat machine washable,145,1,0.69%,$1.17,$1.17,$48.21,,,2,2,,,,,
"Jul 29, 2026",,USD,属性-吸盘款,属性-吸盘款 组,nonslip bathtub mat with suction cups,BROAD,non slip bathtub mat machine washable,173,2,1.16%,$1.17,$2.34,$0.00,,,0,0,,,,,
"Aug 01, 2026",,USD,属性-吸盘款,属性-吸盘款 组,nonslip bathtub mat with suction cups,BROAD,non slip bathtub mat machine washable,206,4,1.94%,$1.17,$4.69,$24.11,,,1,1,,,,,
"Jul 31, 2026",,USD,属性-吸盘款,属性-吸盘款 组,nonslip bathtub mat with suction cups,BROAD,non slip bathtub mat machine washable with suction cups strong,6,2,33.33%,$1.17,$2.34,$0.00,,,0,0,,,,,
"Jul 25, 2026",,USD,属性-吸盘款,属性-吸盘款 组,nonslip bathtub mat with suction cups,BROAD,non slip bathtub mat with suction cups,8,1,12.5%,$1.17,$1.17,$48.21,,,2,2,,,,,
"Jul 30, 2026",,USD,属性-吸盘款,属性-吸盘款 组,nonslip bathtub mat with suction cups,BROAD,non slip bathtub mat with suction cups,10,1,10.0%,$1.17,$1.17,$0.00,,,0,0,,,,,
"Jul 22, 2026",,USD,属性-吸盘款,属性-吸盘款 组,nonslip bathtub mat with suction cups,BROAD,non slip bathtub mat with suction cups strong,12,1,8.33%,$1.17,$1.17,$0.00,,,0,0,,,,,
"Jul 22, 2026",,USD,属性-吸盘款,属性-吸盘款 组,nonslip bathtub mat with suction cups,BROAD,non slip bathtub mat with suction cups compact,6,1,16.67%,$1.17,$1.17,$0.00,,,0,0,,,,,
"Jul 29, 2026",,USD,属性-吸盘款,属性-吸盘款 组,nonslip bathtub mat with suction cups,BROAD,non slip mat bathtub,7,2,28.57%,$1.17,$2.34,$0.00,,,0,0,,,,,
"Jul 31, 2026",,USD,属性-吸盘款,属性-吸盘款 组,nonslip bathtub mat with suction cups,BROAD,koveras bathtub mat,2,1,50.0%,$1.17,$1.17,$0.00,,,0,0,,,,,
"Jul 28, 2026",,USD,属性-吸盘款,属性-吸盘款 组,nonslip bathtub mat with suction cups,BROAD,koveras bathtub mat 30 inch,47,1,2.13%,$1.17,$1.17,$0.00,,,0,0,,,,,
"Jul 22, 2026",,USD,属性-吸盘款,属性-吸盘款 组,nonslip bathtub mat with suction cups,BROAD,non slip machine washable bathtub mat with suction cups,2,2,100.0%,$1.17,$2.34,$0.00,,,0,0,,,,,
"Aug 02, 2026",,USD,属性-吸盘款,属性-吸盘款 组,nonslip bathtub mat with suction cups,BROAD,kovera bathtub mat,10,2,20.0%,$1.17,$2.34,$0.00,,,0,0,,,,,
"Jul 30, 2026",,USD,属性-吸盘款,属性-吸盘款 组,nonslip bathtub mat with suction cups,BROAD,longer bathtub mat non slip 30 inch,6,1,16.67%,$1.17,$1.17,$0.00,,,0,0,,,,,
"Jul 29, 2026",,USD,属性-吸盘款,属性-吸盘款 组,nonslip bathtub mat with suction cups,BROAD,quick drying bathtub mat non slip,18,1,5.56%,$1.17,$1.17,$0.00,,,0,0,,,,,
"Jul 24, 2026",,USD,属性-吸盘款,属性-吸盘款 组,nonslip bathtub mat with suction cups,BROAD,pellura shower non slip mat,8,1,12.5%,$1.17,$1.17,$70.39,,,2,2,,,,,
"Jul 30, 2026",,USD,属性-吸盘款,属性-吸盘款 组,nonslip bathtub mat with suction cups,BROAD,gift bathtub mat non slip with suction cups,6,2,33.33%,$1.17,$2.34,$0.00,,,0,0,,,,,
"Aug 02, 2026",,USD,属性-吸盘款,属性-吸盘款 组,nonslip bathtub mat with suction cups,BROAD,machine washable bathtub runner rugs non slip,8,1,12.5%,$1.17,$1.17,$0.00,,,0,0,,,,,
"Aug 02, 2026",,USD,属性-吸盘款,属性-吸盘款 组,nonslip bathtub mat with suction cups,BROAD,lastever non slip bathtub runner rugs machine washable,3,1,33.33%,$1.17,$1.17,$24.11,,,1,1,,,,,
"Jul 29, 2026",,USD,属性-吸盘款,属性-吸盘款 组,nonslip bathtub mat with suction cups,BROAD,lastever anti slip bathtub hotel suction cups runner rugs for tub floor with maximum tub grip quick drying & machine washable,8,1,12.5%,$1.17,$1.17,$0.00,,,0,0,,,,,
"Jul 26, 2026",,USD,精确主干,精确主干 组,nonslip bathtub mat,EXACT,anti slip bathtub mat,46,1,2.17%,$1.06,$1.06,$0.00,,,0,0,,,,,
"Jul 23, 2026",,USD,精确主干,精确主干 组,nonslip bathtub mat,EXACT,nonslip bathtub mat,58,1,1.72%,$1.06,$1.06,$0.00,,,0,0,,,,,
"Jul 24, 2026",,USD,精确主干,精确主干 组,nonslip bathtub mat,EXACT,nonslip bathtub mat,571,3,0.53%,$1.06,$3.18,$0.00,,,0,0,,,,,
"Jul 25, 2026",,USD,精确主干,精确主干 组,nonslip bathtub mat,EXACT,nonslip bathtub mat,258,1,0.39%,$1.06,$1.06,$0.00,,,0,0,,,,,
"Jul 26, 2026",,USD,精确主干,精确主干 组,nonslip bathtub mat,EXACT,nonslip bathtub mat,407,1,0.25%,$1.06,$1.06,$0.00,,,0,0,,,,,
"Jul 27, 2026",,USD,精确主干,精确主干 组,nonslip bathtub mat,EXACT,nonslip bathtub mat,384,5,1.3%,$1.06,$5.30,$0.00,,,0,0,,,,,
"Jul 30, 2026",,USD,精确主干,精确主干 组,nonslip bathtub mat,EXACT,nonslip bathtub mat,283,4,1.41%,$1.06,$4.24,$0.00,,,0,0,,,,,
"Jul 22, 2026",,USD,精确主干,精确主干 组,nonslip bathtub mat,EXACT,non slip bathtub mat,695,6,0.86%,$1.06,$6.36,$70.39,,,2,2,,,,,
"Jul 23, 2026",,USD,精确主干,精确主干 组,nonslip bathtub mat,EXACT,non slip bathtub mat,202,3,1.49%,$1.06,$3.18,$24.11,,,1,1,,,,,
"Jul 24, 2026",,USD,精确主干,精确主干 组,nonslip bathtub mat,EXACT,non slip bathtub mat,679,4,0.59%,$1.06,$4.22,$24.11,,,1,1,,,,,
"Jul 25, 2026",,USD,精确主干,精确主干 组,nonslip bathtub mat,EXACT,non slip bathtub mat,803,1,0.12%,$1.06,$1.06,$0.00,,,0,0,,,,,
"Jul 26, 2026",,USD,精确主干,精确主干 组,nonslip bathtub mat,EXACT,non slip bathtub mat,1027,4,0.39%,$1.06,$4.24,$0.00,,,0,0,,,,,
"Jul 28, 2026",,USD,精确主干,精确主干 组,nonslip bathtub mat,EXACT,non slip bathtub mat,193,1,0.52%,$1.06,$1.06,$0.00,,,0,0,,,,,
"Jul 29, 2026",,USD,精确主干,精确主干 组,nonslip bathtub mat,EXACT,non slip bathtub mat,816,4,0.49%,$1.06,$4.24,$0.00,,,0,0,,,,,
"Jul 30, 2026",,USD,精确主干,精确主干 组,nonslip bathtub mat,EXACT,non slip bathtub mat,662,3,0.45%,$1.06,$3.18,$0.00,,,0,0,,,,,
"Jul 31, 2026",,USD,精确主干,精确主干 组,nonslip bathtub mat,EXACT,non slip bathtub mat,560,1,0.18%,$1.06,$1.06,$0.00,,,0,0,,,,,
"Jul 25, 2026",,USD,精确主干,精确主干 组,machine washable bathtub mat non slip,EXACT,machine washable bathtub mat non slip,33,3,9.09%,$0.98,$2.94,$0.00,,,0,0,,,,,
"Aug 02, 2026",,USD,属性-防霉款,属性-防霉款 组,mildew resistant shower stall mat,BROAD,dremmo shower mat,5,2,40.0%,$1.02,$2.04,$0.00,,,0,0,,,,,
"Aug 01, 2026",,USD,属性-防霉款,属性-防霉款 组,mildew resistant shower stall mat,BROAD,shower stall longer machine washable bathtub floor mat textured,4,2,50.0%,$1.02,$2.04,$35.20,,,1,1,,,,,
"Jul 28, 2026",,USD,属性-防霉款,属性-防霉款 组,mildew resistant shower stall mat,BROAD,non slip shower stall mildew resistant mat,21,4,19.05%,$1.02,$4.08,$0.00,,,0,0,,,,,
"Jul 24, 2026",,USD,属性-防霉款,属性-防霉款 组,mildew resistant shower stall mat,BROAD,stylish mildew resistant shower stall mat,2,1,50.0%,$1.02,$1.02,$0.00,,,0,0,,,,,
"Jul 18, 2026",,USD,属性-防霉款,属性-防霉款 组,mildew resistant shower stall mat,BROAD,quality mildew resistant shower stall mat,6,1,16.67%,$0.82,$0.82,$0.00,,,0,0,,,,,
"Aug 02, 2026",,USD,属性-吸盘款2,属性-吸盘款2 组,nonslip bathtub mat machine washable with suction cups,BROAD,anti slip quick drying bathtub rugs,4,1,25.0%,$1.02,$1.02,$0.00,,,0,0,,,,,
"Jul 31, 2026",,USD,属性-吸盘款,属性-吸盘款 组,fairman non slip shower stall mat with suction cups,BROAD,pellura shower non slip mat apartment,2,1,50.0%,$1.02,$1.02,$0.00,,,0,0,,,,,
"Jul 30, 2026",,USD,属性-吸盘款,属性-吸盘款 组,fairman non slip shower stall mat with suction cups,BROAD,luxury runners shower stall,1,1,100.0%,$1.02,$1.02,$0.00,,,0,0,,,,,
"Jul 21, 2026",,USD,词组主干,词组主干 组,non slip bathtub mat,PHRASE,2 pack non slip bathtub mat,7,2,28.57%,$1.12,$2.24,$0.00,,,0,0,,,,,
"Jul 16, 2026",,USD,词组主干,词组主干 组,non slip bathtub mat,PHRASE,nordic non slip bathtub mat,19,1,5.26%,$1.10,$1.10,$0.00,,,0,0,,,,,
"Jul 27, 2026",,USD,词组主干,词组主干 组,non slip bathtub mat,PHRASE,nordly non slip bathtub mat compact 20 inch,9,1,11.11%,$1.10,$1.10,$0.00,,,0,0,,,,,
"Jul 28, 2026",,USD,词组主干,词组主干 组,non slip bathtub mat,PHRASE,nordly non slip bathtub mat compact 20 inch,6,2,33.33%,$1.10,$2.20,$0.00,,,0,0,,,,,
"Jul 28, 2026",,USD,词组主干,词组主干 组,non slip bathtub mat,PHRASE,nordly non slip bathtub mat compact 20 inch runner rugs quality,1,1,100.0%,$1.10,$1.10,$0.00,,,0,0,,,,,
"Jul 30, 2026",,USD,词组主干,词组主干 组,non slip bathtub mat,PHRASE,best shower stall non slip bathtub mat,4,1,25.0%,$1.10,$1.10,$24.11,,,1,1,,,,,
"Jul 29, 2026",,USD,词组主干,词组主干 组,non slip bathtub mat,PHRASE,best nonslip bathtub mat,8,2,25.0%,$1.10,$2.20,$0.00,,,0,0,,,,,
"Jul 30, 2026",,USD,词组主干,词组主干 组,non slip bathtub mat,PHRASE,best non slip bathtub mat,12,1,8.33%,$1.10,$1.10,$0.00,,,0,0,,,,,
"Aug 02, 2026",,USD,词组主干,词组主干 组,non slip bathtub mat,PHRASE,best non slip bathtub mat,22,3,13.64%,$1.10,$3.31,$70.39,,,2,2,,,,,
"Jul 28, 2026",,USD,词组主干,词组主干 组,non slip bathtub mat,PHRASE,big non slip bathtub mat,4,1,25.0%,$1.10,$1.10,$0.00,,,0,0,,,,,
"Jul 28, 2026",,USD,词组主干,词组主干 组,non slip bathtub mat,PHRASE,big non slip bathtub mat size 5,13,1,7.69%,$1.10,$1.10,$0.00,,,0,0,,,,,
"Jul 10, 2026",,USD,词组主干,词组主干 组,non slip bathtub mat,PHRASE,halvex non slip bathtub mat,189,3,1.59%,$1.10,$3.31,$0.00,,,0,0,,,,,
"Jul 12, 2026",,USD,词组主干,词组主干 组,non slip bathtub mat,PHRASE,halvex non slip bathtub mat,149,2,1.34%,$1.10,$2.20,$70.39,,,2,2,,,,,
"Jul 13, 2026",,USD,词组主干,词组主干 组,non slip bathtub mat,PHRASE,halvex non slip bathtub mat,68,1,1.47%,$1.10,$1.10,$0.00,,,0,0,,,,,
"Jul 14, 2026",,USD,词组主干,词组主干 组,non slip bathtub mat,PHRASE,halvex non slip bathtub mat,206,2,0.97%,$1.10,$2.20,$0.00,,,0,0,,,,,
"Jul 20, 2026",,USD,词组主干,词组主干 组,non slip bathtub mat,PHRASE,halvex non slip bathtub mat,271,1,0.37%,$1.10,$1.10,$0.00,,,0,0,,,,,
"Jul 22, 2026",,USD,词组主干,词组主干 组,non slip bathtub mat,PHRASE,halvex non slip bathtub mat,144,2,1.39%,$1.11,$2.22,$0.00,,,0,0,,,,,
"Jul 23, 2026",,USD,词组主干,词组主干 组,non slip bathtub mat,PHRASE,halvex non slip bathtub mat,202,1,0.5%,$1.12,$1.12,$0.00,,,0,0,,,,,
"Jul 24, 2026",,USD,词组主干,词组主干 组,non slip bathtub mat,PHRASE,halvex non slip bathtub mat,190,1,0.53%,$1.12,$1.12,$0.00,,,0,0,,,,,
"Jul 26, 2026",,USD,词组主干,词组主干 组,non slip bathtub mat,PHRASE,halvex non slip bathtub mat,89,3,3.37%,$1.12,$3.37,$24.11,,,1,1,,,,,
"Jul 27, 2026",,USD,词组主干,词组主干 组,non slip bathtub mat,PHRASE,halvex non slip bathtub mat,222,4,1.8%,$1.07,$4.28,$96.42,,,4,4,,,,,
"Jul 28, 2026",,USD,词组主干,词组主干 组,non slip bathtub mat,PHRASE,halvex non slip bathtub mat,277,3,1.08%,$1.12,$3.37,$0.00,,,0,0,,,,,
"Jul 31, 2026",,USD,词组主干,词组主干 组,non slip bathtub mat,PHRASE,halvex non slip bathtub mat,247,1,0.4%,$1.12,$1.12,$0.00,,,0,0,,,,,
"Aug 02, 2026",,USD,词组主干,词组主干 组,non slip bathtub mat,PHRASE,halvex non slip bathtub mat,135,3,2.22%,$1.10,$3.31,$0.00,,,0,0,,,,,
"Jul 26, 2026",,USD,词组主干,词组主干 组,non slip bathtub mat,PHRASE,halvex non slip bathtub mat 30 inch,7,3,42.86%,$1.11,$3.34,$0.00,,,0,0,,,,,
"Jul 26, 2026",,USD,词组主干,词组主干 组,non slip bathtub mat,PHRASE,outersy nonslip bathtub mat,5,1,20.0%,$1.12,$1.12,$0.00,,,0,0,,,,,
"Aug 02, 2026",,USD,词组主干,词组主干 组,non slip bathtub mat,PHRASE,outersy nonslip bathtub mat,4,2,50.0%,$1.10,$2.20,$0.00,,,0,0,,,,,
"Jul 24, 2026",,USD,词组主干,词组主干 组,non slip bathtub mat,PHRASE,fabule non slip bathtub mat,3,1,33.33%,$1.10,$1.10,$24.11,,,1,1,,,,,
"Jul 25, 2026",,USD,词组主干,词组主干 组,non slip bathtub mat,PHRASE,fabule non slip bathtub mat,9,1,11.11%,$1.10,$1.10,$24.11,,,1,1,,,,,
"Jul 17, 2026",,USD,词组主干,词组主干 组,non slip bathtub mat,PHRASE,improved original nonslip bathtub mat,1,1,100.0%,$1.10,$1.10,$0.00,,,0,0,,,,,
"Jul 18, 2026",,USD,词组主干,词组主干 组,non slip bathtub mat,PHRASE,deluxe nonslip bathtub mat,3,1,33.33%,$1.10,$1.10,$0.00,,,0,0,,,,,
"Jul 30, 2026",,USD,词组主干,词组主干 组,non slip bathtub mat,PHRASE,deluxe nonslip bathtub mat,7,1,14.29%,$0.95,$0.95,$0.00,,,0,0,,,,,
"Jul 31, 2026",,USD,词组主干,词组主干 组,non slip bathtub mat,PHRASE,apartment nonslip bathtub mat,3,1,33.33%,$1.10,$1.10,$0.00,,,0,0,,,,,
"Jul 17, 2026",,USD,词组主干,词组主干 组,non slip bathtub mat,PHRASE,anti skid bathtub mat 30 inch,4,1,25.0%,$1.10,$1.10,$0.00,,,0,0,,,,,
"Jul 31, 2026",,USD,词组主干,词组主干 组,non slip bathtub mat,PHRASE,koverra non slip bathtub mat machine washable,5,1,20.0%,$1.12,$1.12,$48.21,,,2,2,,,,,
"Jul 12, 2026",,USD,词组主干,词组主干 组,non slip bathtub mat,PHRASE,anti slip bathtub mat,212,4,1.89%,$1.10,$4.41,$0.00,,,0,0,,,,,
"Jul 13, 2026",,USD,词组主干,词组主干 组,non slip bathtub mat,PHRASE,anti slip bathtub mat,202,2,0.99%,$1.10,$2.20,$48.21,,,2,2,,,,,
"Jul 15, 2026",,USD,词组主干,词组主干 组,non slip bathtub mat,PHRASE,anti slip bathtub mat,404,6,1.49%,$1.10,$6.61,$0.00,,,0,0,,,,,
"Jul 17, 2026",,USD,词组主干,词组主干 组,non slip bathtub mat,PHRASE,anti slip bathtub mat,254,1,0.39%,$1.09,$1.09,$0.00,,,0,0,,,,,
"Jul 20, 2026",,USD,词组主干,词组主干 组,non slip bathtub mat,PHRASE,anti slip bathtub mat,61,1,1.64%,$1.12,$1.12,$0.00,,,0,0,,,,,
"Jul 23, 2026",,USD,词组主干,词组主干 组,non slip bathtub mat,PHRASE,anti slip bathtub mat,97,2,2.06%,$1.11,$2.22,$0.00,,,0,0,,,,,
"Jul 25, 2026",,USD,词组主干,词组主干 组,non slip bathtub mat,PHRASE,anti slip bathtub mat,77,2,2.6%,$1.12,$2.24,$0.00,,,0,0,,,,,
"Jul 28, 2026",,USD,词组主干,词组主干 组,non slip bathtub mat,PHRASE,anti slip bathtub mat,115,2,1.74%,$1.10,$2.20,$24.11,,,1,1,,,,,
"Jul 31, 2026",,USD,词组主干,词组主干 组,non slip bathtub mat,PHRASE,anti slip bathtub mat,40,1,2.5%,$1.12,$1.12,$0.00,,,0,0,,,,,
"Jul 26, 2026",,USD,词组主干,词组主干 组,non slip bathtub mat,PHRASE,anti slip bathtub mat machine washable,20,1,5.0%,$1.10,$1.10,$0.00,,,0,0,,,,,
"Jul 28, 2026",,USD,词组主干,词组主干 组,non slip bathtub mat,PHRASE,anti slip bathtub mat machine washable,53,1,1.89%,$1.10,$1.10,$24.11,,,1,1,,,,,
"Aug 01, 2026",,USD,词组主干,词组主干 组,non slip bathtub mat,PHRASE,anti slip bathtub mat machine washable,39,1,2.56%,$1.10,$1.10,$0.00,,,0,0,,,,,
"Jul 11, 2026",,USD,词组主干,词组主干 组,non slip bathtub mat,PHRASE,nonslip bathtub mat,904,5,0.55%,$1.09,$5.47,$0.00,,,0,0,,,,,
"Jul 12, 2026",,USD,词组主干,词组主干 组,non slip bathtub mat,PHRASE,nonslip bathtub mat,217,3,1.38%,$1.10,$3.31,$0.00,,,0,0,,,,,
"Jul 13, 2026",,USD,词组主干,词组主干 组,non slip bathtub mat,PHRASE,nonslip bathtub mat,314,4,1.27%,$1.10,$4.41,$24.11,,,1,1,,,,,
"Jul 14, 2026",,USD,词组主干,词组主干 组,non slip bathtub mat,PHRASE,nonslip bathtub mat,362,3,0.83%,$1.10,$3.31,$0.00,,,0,0,,,,,
"Jul 15, 2026",,USD,词组主干,词组主干 组,non slip bathtub mat,PHRASE,nonslip bathtub mat,948,9,0.95%,$1.10,$9.91,$24.11,,,1,1,,,,,
"Jul 16, 2026",,USD,词组主干,词组主干 组,non slip bathtub mat,PHRASE,nonslip bathtub mat,797,3,0.38%,$1.10,$3.29,$24.11,,,1,1,,,,,
"Jul 17, 2026",,USD,词组主干,词组主干 组,non slip bathtub mat,PHRASE,nonslip bathtub mat,762,3,0.39%,$1.10,$3.31,$0.00,,,0,0,,,,,
"Jul 18, 2026",,USD,词组主干,词组主干 组,non slip bathtub mat,PHRASE,nonslip bathtub mat,1319,4,0.3%,$1.10,$4.41,$0.00,,,0,0,,,,,
"Jul 19, 2026",,USD,词组主干,词组主干 组,non slip bathtub mat,PHRASE,nonslip bathtub mat,1010,7,0.69%,$1.07,$7.46,$0.00,,,0,0,,,,,
"Jul 20, 2026",,USD,词组主干,词组主干 组,non slip bathtub mat,PHRASE,nonslip bathtub mat,1837,20,1.09%,$1.09,$21.76,$134.39,,,5,5,,,,,
"Jul 21, 2026",,USD,词组主干,词组主干 组,non slip bathtub mat,PHRASE,nonslip bathtub mat,3099,27,0.87%,$1.12,$30.14,$70.39,,,2,2,,,,,
"Jul 22, 2026",,USD,词组主干,词组主干 组,non slip bathtub mat,PHRASE,nonslip bathtub mat,2605,16,0.61%,$1.12,$17.96,$70.39,,,2,2,,,,,
"Jul 23, 2026",,USD,词组主干,词组主干 组,non slip bathtub mat,PHRASE,nonslip bathtub mat,1332,15,1.13%,$1.10,$16.54,$144.63,,,3,6,,,,,
"Jul 24, 2026",,USD,词组主干,词组主干 组,non slip bathtub mat,PHRASE,nonslip bathtub mat,485,3,0.62%,$1.12,$3.37,$0.00,,,0,0,,,,,
"Jul 25, 2026",,USD,词组主干,词组主干 组,non slip bathtub mat,PHRASE,nonslip bathtub mat,933,5,0.54%,$1.12,$5.61,$0.00,,,1,1,,,,,
"Jul 26, 2026",,USD,词组主干,词组主干 组,non slip bathtub mat,PHRASE,nonslip bathtub mat,595,11,1.85%,$1.12,$12.32,$109.28,,,4,4,,,,,
"Jul 27, 2026",,USD,词组主干,词组主干 组,non slip bathtub mat,PHRASE,nonslip bathtub mat,1777,17,0.96%,$1.10,$18.69,$0.00,,,0,0,,,,,
"Jul 28, 2026",,USD,词组主干,词组主干 组,non slip bathtub mat,PHRASE,nonslip bathtub mat,1804,10,0.55%,$1.09,$10.92,$24.11,,,1,1,,,,,
"Jul 29, 2026",,USD,词组主干,词组主干 组,non slip bathtub mat,PHRASE,nonslip bathtub mat,1438,12,0.83%,$1.12,$13.44,$68.70,,,3,3,,,,,
"Jul 30, 2026",,USD,词组主干,词组主干 组,non slip bathtub mat,PHRASE,nonslip bathtub mat,1084,10,0.92%,$1.12,$11.16,$24.11,,,1,1,,,,,
"Jul 31, 2026",,USD,词组主干,词组主干 组,non slip bathtub mat,PHRASE,nonslip bathtub mat,636,10,1.57%,$1.09,$10.88,$0.00,,,0,0,,,,,
"Aug 01, 2026",,USD,词组主干,词组主干 组,non slip bathtub mat,PHRASE,nonslip bathtub mat,2530,24,0.95%,$1.10,$26.52,$72.32,,,3,3,,,,,
"Aug 02, 2026",,USD,词组主干,词组主干 组,non slip bathtub mat,PHRASE,nonslip bathtub mat,1781,10,0.56%,$1.12,$11.22,$134.39,,,5,5,,,,,
"Aug 01, 2026",,USD,词组主干,词组主干 组,non slip bathtub mat,PHRASE,nonslip bathtub mat compact 20 inch tub grips shower runner rugs,2,2,100.0%,$1.10,$2.20,$0.00,,,0,0,,,,,
"Jul 21, 2026",,USD,词组主干,词组主干 组,non slip bathtub mat,PHRASE,nonslip bathtub mat 20 inch tub grips shower stall,5,2,40.0%,$1.10,$2.20,$24.11,,,1,1,,,,,
"Jul 16, 2026",,USD,词组主干,词组主干 组,non slip bathtub mat,PHRASE,nonslip bathtub mat 20 inch,11,1,9.09%,$1.10,$1.10,$0.00,,,0,0,,,,,
"Jul 21, 2026",,USD,词组主干,词组主干 组,non slip bathtub mat,PHRASE,nonslip bathtub mat 20 inch,30,1,3.33%,$1.12,$1.12,$0.00,,,0,0,,,,,
"Jul 30, 2026",,USD,词组主干,词组主干 组,non slip bathtub mat,PHRASE,nonslip bathtub mat 20 inch tub grips,9,1,11.11%,$1.10,$1.10,$0.00,,,0,0,,,,,
"Jul 19, 2026",,USD,词组主干,词组主干 组,non slip bathtub mat,PHRASE,nonslip bathtub mat 300,4,2,50.0%,$1.10,$2.20,$0.00,,,0,0,,,,,
"Jul 19, 2026",,USD,词组主干,词组主干 组,non slip bathtub mat,PHRASE,nonslip bathtub mat size 3,3,1,33.33%,$1.10,$1.10,$0.00,,,0,0,,,,,
"Jul 20, 2026",,USD,词组主干,词组主干 组,non slip bathtub mat,PHRASE,nonslip bathtub mat size 3,4,1,25.0%,$0.95,$0.95,$0.00,,,0,0,,,,,
"Jul 27, 2026",,USD,词组主干,词组主干 组,non slip bathtub mat,PHRASE,nonslip bathtub mat size 3,19,3,15.79%,$1.12,$3.37,$0.00,,,0,0,,,,,
"Jul 27, 2026",,USD,词组主干,词组主干 组,non slip bathtub mat,PHRASE,nonslip bathtub mat rugs,1,1,100.0%,$1.10,$1.10,$0.00,,,0,0,,,,,
"Aug 02, 2026",,USD,词组主干,词组主干 组,non slip bathtub mat,PHRASE,nonslip bathtub mat extra small,6,2,33.33%,$1.10,$2.20,$0.00,,,0,0,,,,,
"Jul 22, 2026",,USD,词组主干,词组主干 组,non slip bathtub mat,PHRASE,nonslip bathtub mat extra long maximum tub grip,3,1,33.33%,$1.10,$1.10,$0.00,,,0,0,,,,,
"Jul 27, 2026",,USD,词组主干,词组主干 组,non slip bathtub mat,PHRASE,nonslip bathtub mat senior,15,1,6.67%,$1.12,$1.12,$0.00,,,0,0,,,,,
"Jul 31, 2026",,USD,词组主干,词组主干 组,non slip bathtub mat,PHRASE,nonslip bathtub mat senior,9,1,11.11%,$1.12,$1.12,$0.00,,,0,0,,,,,
"Jul 11, 2026",,USD,词组主干,词组主干 组,non slip bathtub mat,PHRASE,nonslip bathtub mat machine washable,18,1,5.56%,$1.10,$1.10,$0.00,,,0,0,,,,,
"Jul 17, 2026",,USD,词组主干,词组主干 组,non slip bathtub mat,PHRASE,nonslip bathtub mat machine washable,27,2,7.41%,$1.10,$2.20,$0.00,,,0,0,,,,,
"Jul 19, 2026",,USD,词组主干,词组主干 组,non slip bathtub mat,PHRASE,nonslip bathtub mat machine washable,59,2,3.39%,$1.10,$2.20,$0.00,,,0,0,,,,,
"Jul 20, 2026",,USD,词组主干,词组主干 组,non slip bathtub mat,PHRASE,nonslip bathtub mat machine washable,111,3,2.7%,$1.10,$3.31,$0.00,,,0,0,,,,,
"Jul 22, 2026",,USD,词组主干,词组主干 组,non slip bathtub mat,PHRASE,nonslip bathtub mat machine washable,57,2,3.51%,$1.12,$2.24,$0.00,,,0,0,,,,,
"Jul 27, 2026",,USD,词组主干,词组主干 组,non slip bathtub mat,PHRASE,nonslip bathtub mat machine washable,217,1,0.46%,$1.12,$1.12,$0.00,,,0,0,,,,,
"Jul 28, 2026",,USD,词组主干,词组主干 组,non slip bathtub mat,PHRASE,nonslip bathtub mat machine washable,363,4,1.1%,$1.12,$4.49,$0.00,,,0,0,,,,,
"Jul 30, 2026",,USD,词组主干,词组主干 组,non slip bathtub mat,PHRASE,nonslip bathtub mat machine washable,193,4,2.07%,$1.12,$4.49,$0.00,,,0,0,,,,,
"Aug 01, 2026",,USD,词组主干,词组主干 组,non slip bathtub mat,PHRASE,nonslip bathtub mat machine washable,284,1,0.35%,$1.12,$1.12,$0.00,,,0,0,,,,,
"Aug 02, 2026",,USD,词组主干,词组主干 组,non slip bathtub mat,PHRASE,nonslip bathtub mat machine washable,408,2,0.49%,$1.12,$2.24,$0.00,,,0,0,,,,,
"Jul 24, 2026",,USD,词组主干,词组主干 组,non slip bathtub mat,PHRASE,nonslip bathtub mat with suction cups,2,1,50.0%,$1.10,$1.10,$0.00,,,0,0,,,,,
"Aug 02, 2026",,USD,词组主干,词组主干 组,non slip bathtub mat,PHRASE,nonslip bathtub mat with suction cups,9,1,11.11%,$1.12,$1.12,$0.00,,,0,0,,,,,
"Jul 17, 2026",,USD,词组主干,词组主干 组,non slip bathtub mat,PHRASE,nonslip bathtub mat 20 inch gray,4,1,25.0%,$1.10,$1.10,$0.00,,,0,0,,,,,
"Jul 08, 2026",,USD,词组主干,词组主干 组,non slip bathtub mat,PHRASE,non slip bathtub mat,74,1,1.35%,$0.98,$0.98,$24.11,,,1,1,,,,,
"Jul 09, 2026",,USD,词组主干,词组主干 组,non slip bathtub mat,PHRASE,non slip bathtub mat,323,4,1.24%,$1.05,$4.19,$24.11,,,1,1,,,,,
"Jul 10, 2026",,USD,词组主干,词组主干 组,non slip bathtub mat,PHRASE,non slip bathtub mat,814,1,0.12%,$1.10,$1.10,$48.21,,,2,2,,,,,
"Jul 11, 2026",,USD,词组主干,词组主干 组,non slip bathtub mat,PHRASE,non slip bathtub mat,1881,10,0.53%,$1.10,$11.02,$132.58,,,5,5,,,,,
"Jul 12, 2026",,USD,词组主干,词组主干 组,non slip bathtub mat,PHRASE,non slip bathtub mat,2789,11,0.39%,$1.10,$12.05,$0.00,,,0,0,,,,,
"Jul 13, 2026",,USD,词组主干,词组主干 组,non slip bathtub mat,PHRASE,non slip bathtub mat,1522,6,0.39%,$1.10,$6.61,$24.11,,,1,1,,,,,
"Jul 14, 2026",,USD,词组主干,词组主干 组,non slip bathtub mat,PHRASE,non slip bathtub mat,2127,4,0.19%,$1.10,$4.41,$0.00,,,0,0,,,,,
"Jul 15, 2026",,USD,词组主干,词组主干 组,non slip bathtub mat,PHRASE,non slip bathtub mat,625,6,0.96%,$1.06,$6.34,$24.11,,,1,1,,,,,
"Jul 16, 2026",,USD,词组主干,词组主干 组,non slip bathtub mat,PHRASE,non slip bathtub mat,1390,6,0.43%,$1.09,$6.56,$48.21,,,2,2,,,,,
"Jul 17, 2026",,USD,词组主干,词组主干 组,non slip bathtub mat,PHRASE,non slip bathtub mat,1411,8,0.57%,$1.09,$8.69,$24.11,,,1,1,,,,,
"Jul 18, 2026",,USD,词组主干,词组主干 组,non slip bathtub mat,PHRASE,non slip bathtub mat,1750,11,0.63%,$1.06,$11.62,$0.00,,,0,0,,,,,
"Jul 19, 2026",,USD,词组主干,词组主干 组,non slip bathtub mat,PHRASE,non slip bathtub mat,1762,4,0.23%,$1.10,$4.41,$24.11,,,1,1,,,,,
"Jul 20, 2026",,USD,词组主干,词组主干 组,non slip bathtub mat,PHRASE,non slip bathtub mat,4961,37,0.75%,$1.10,$40.74,$236.23,,,7,10,,,,,
"Jul 21, 2026",,USD,词组主干,词组主干 组,non slip bathtub mat,PHRASE,non slip bathtub mat,5844,12,0.21%,$1.12,$13.46,$24.11,,,1,1,,,,,
"Jul 22, 2026",,USD,词组主干,词组主干 组,non slip bathtub mat,PHRASE,non slip bathtub mat,3786,14,0.37%,$1.12,$15.71,$24.11,,,1,1,,,,,
"Jul 23, 2026",,USD,词组主干,词组主干 组,non slip bathtub mat,PHRASE,non slip bathtub mat,2572,24,0.93%,$1.11,$26.73,$172.92,,,4,5,,,,,
"Jul 24, 2026",,USD,词组主干,词组主干 组,non slip bathtub mat,PHRASE,non slip bathtub mat,1940,14,0.72%,$1.12,$15.63,$96.42,,,4,4,,,,,
"Jul 25, 2026",,USD,词组主干,词组主干 组,non slip bathtub mat,PHRASE,non slip bathtub mat,1854,16,0.86%,$1.11,$17.82,$67.50,,,2,2,,,,,
"Jul 26, 2026",,USD,词组主干,词组主干 组,non slip bathtub mat,PHRASE,non slip bathtub mat,1325,17,1.28%,$1.12,$19.08,$144.63,,,6,6,,,,,
"Jul 27, 2026",,USD,词组主干,词组主干 组,non slip bathtub mat,PHRASE,non slip bathtub mat,4334,22,0.51%,$1.09,$23.93,$144.63,,,6,6,,,,,
"Jul 28, 2026",,USD,词组主干,词组主干 组,non slip bathtub mat,PHRASE,non slip bathtub mat,5210,31,0.6%,$1.11,$34.45,$302.76,,,12,13,,,,,
"Jul 29, 2026",,USD,词组主干,词组主干 组,non slip bathtub mat,PHRASE,non slip bathtub mat,5053,43,0.85%,$1.11,$47.71,$72.32,,,3,3,,,,,
"Jul 30, 2026",,USD,词组主干,词组主干 组,non slip bathtub mat,PHRASE,non slip bathtub mat,3959,26,0.66%,$1.12,$29.13,$293.19,,,9,12,,,,,
"Jul 31, 2026",,USD,词组主干,词组主干 组,non slip bathtub mat,PHRASE,non slip bathtub mat,3312,12,0.36%,$1.12,$13.44,$111.21,,,4,4,,,,,
"Aug 01, 2026",,USD,词组主干,词组主干 组,non slip bathtub mat,PHRASE,non slip bathtub mat,4606,22,0.48%,$1.12,$24.61,$48.21,,,2,2,,,,,
"Aug 02, 2026",,USD,词组主干,词组主干 组,non slip bathtub mat,PHRASE,non slip bathtub mat,7121,37,0.52%,$1.12,$41.42,$96.42,,,4,4,,,,,
"Jul 28, 2026",,USD,词组主干,词组主干 组,non slip bathtub mat,PHRASE,non slip bathtub mat 10 inch,31,1,3.23%,$1.12,$1.12,$0.00,,,0,0,,,,,
"Jul 28, 2026",,USD,词组主干,词组主干 组,non slip bathtub mat,PHRASE,non slip bathtub mat 20 inch gray,15,1,6.67%,$1.12,$1.12,$0.00,,,0,0,,,,,
"Jul 09, 2026",,USD,词组主干,词组主干 组,non slip bathtub mat,PHRASE,non slip bathtub mat 20 inch,21,2,9.52%,$0.98,$1.96,$0.00,,,0,0,,,,,
"Jul 12, 2026",,USD,词组主干,词组主干 组,non slip bathtub mat,PHRASE,non slip bathtub mat 20 inch,14,3,21.43%,$1.10,$3.31,$0.00,,,0,0,,,,,
"Aug 01, 2026",,USD,词组主干,词组主干 组,non slip bathtub mat,PHRASE,non slip bathtub mat 25 inch,16,3,18.75%,$1.10,$3.31,$0.00,,,0,0,,,,,
"Jul 27, 2026",,USD,词组主干,词组主干 组,non slip bathtub mat,PHRASE,non slip bathtub mat 28 inch,12,2,16.67%,$1.10,$2.20,$0.00,,,0,0,,,,,
"Jul 31, 2026",,USD,词组主干,词组主干 组,non slip bathtub mat,PHRASE,non slip bathtub mat 30 inch,7,1,14.29%,$1.10,$1.10,$0.00,,,0,0,,,,,
"Jul 22, 2026",,USD,词组主干,词组主干 组,non slip bathtub mat,PHRASE,non slip bathtub mat 40 inch,9,2,22.22%,$1.10,$2.20,$0.00,,,0,0,,,,,
"Jul 17, 2026",,USD,词组主干,词组主干 组,non slip bathtub mat,PHRASE,non slip bathtub mat 50 inch,4,3,75.0%,$1.10,$3.31,$0.00,,,0,0,,,,,
"Jul 24, 2026",,USD,词组主干,词组主干 组,non slip bathtub mat,PHRASE,non slip bathtub mat size 5 thick tub floor shower floor,14,1,7.14%,$1.10,$1.10,$0.00,,,0,0,,,,,
"Jul 27, 2026",,USD,词组主干,词组主干 组,non slip bathtub mat,PHRASE,non slip bathtub mat runner rugs,16,2,12.5%,$1.10,$2.20,$0.00,,,0,0,,,,,
"Jul 23, 2026",,USD,词组主干,词组主干 组,non slip bathtub mat,PHRASE,non slip bathtub mat rugs,13,1,7.69%,$1.10,$1.10,$24.11,,,1,1,,,,,
"Jul 24, 2026",,USD,词组主干,词组主干 组,non slip bathtub mat,PHRASE,non slip bathtub mat eco reversible,4,1,25.0%,$1.10,$1.10,$0.00,,,0,0,,,,,
"Aug 01, 2026",,USD,词组主干,词组主干 组,non slip bathtub mat,PHRASE,non slip bathtub mat full essential strong to original,4,1,25.0%,$1.10,$1.10,$0.00,,,0,0,,,,,
"Jul 28, 2026",,USD,词组主干,词组主干 组,non slip bathtub mat,PHRASE,non slip bathtub mat odorless in odorless,5,2,40.0%,$1.10,$2.20,$0.00,,,0,0,,,,,
"Jul 27, 2026",,USD,词组主干,词组主干 组,non slip bathtub mat,PHRASE,non slip bathtub mat medium to thick comfort,4,2,50.0%,$1.10,$2.20,$0.00,,,0,0,,,,,
"Jul 27, 2026",,USD,词组主干,词组主干 组,non slip bathtub mat,PHRASE,non slip bathtub mat medium to thick comfort with suction cups compact,2,2,100.0%,$1.10,$2.20,$0.00,,,0,0,,,,,
"Jul 28, 2026",,USD,词组主干,词组主干 组,non slip bathtub mat,PHRASE,non slip bathtub mat trials,8,2,25.0%,$1.12,$2.24,$48.21,,,2,2,,,,,
"Jul 08, 2026",,USD,词组主干,词组主干 组,non slip bathtub mat,PHRASE,non slip bathtub mat machine washable,39,1,2.56%,$0.98,$0.98,$0.00,,,0,0,,,,,
"Jul 09, 2026",,USD,词组主干,词组主干 组,non slip bathtub mat,PHRASE,non slip bathtub mat machine washable,64,2,3.12%,$0.98,$1.96,$0.00,,,0,0,,,,,
"Jul 12, 2026",,USD,词组主干,词组主干 组,non slip bathtub mat,PHRASE,non slip bathtub mat machine washable,271,1,0.37%,$1.06,$1.06,$0.00,,,0,0,,,,,
"Jul 13, 2026",,USD,词组主干,词组主干 组,non slip bathtub mat,PHRASE,non slip bathtub mat machine washable,61,2,3.28%,$1.10,$2.20,$0.00,,,0,0,,,,,
"Jul 16, 2026",,USD,词组主干,词组主干 组,non slip bathtub mat,PHRASE,non slip bathtub mat machine washable,429,2,0.47%,$1.10,$2.20,$0.00,,,0,0,,,,,
"Jul 17, 2026",,USD,词组主干,词组主干 组,non slip bathtub mat,PHRASE,non slip bathtub mat machine washable,763,4,0.52%,$1.10,$4.41,$0.00,,,0,0,,,,,
"Jul 18, 2026",,USD,词组主干,词组主干 组,non slip bathtub mat,PHRASE,non slip bathtub mat machine washable,1391,9,0.65%,$1.10,$9.92,$24.11,,,1,1,,,,,
"Jul 19, 2026",,USD,词组主干,词组主干 组,non slip bathtub mat,PHRASE,non slip bathtub mat machine washable,1533,14,0.91%,$1.10,$15.42,$0.00,,,0,0,,,,,
"Jul 20, 2026",,USD,词组主干,词组主干 组,non slip bathtub mat,PHRASE,non slip bathtub mat machine washable,2849,25,0.88%,$1.09,$27.32,$96.42,,,4,4,,,,,
"Jul 21, 2026",,USD,词组主干,词组主干 组,non slip bathtub mat,PHRASE,non slip bathtub mat machine washable,2755,13,0.47%,$1.12,$14.54,$72.32,,,3,3,,,,,
"Jul 22, 2026",,USD,词组主干,词组主干 组,non slip bathtub mat,PHRASE,non slip bathtub mat machine washable,1850,3,0.16%,$1.11,$3.34,$0.00,,,0,0,,,,,
"Jul 23, 2026",,USD,词组主干,词组主干 组,non slip bathtub mat,PHRASE,non slip bathtub mat machine washable,984,10,1.02%,$1.12,$11.20,$59.30,,,2,2,,,,,
"Jul 24, 2026",,USD,词组主干,词组主干 组,non slip bathtub mat,PHRASE,non slip bathtub mat machine washable,607,4,0.66%,$1.12,$4.49,$48.21,,,2,2,,,,,
"Jul 25, 2026",,USD,词组主干,词组主干 组,non slip bathtub mat,PHRASE,non slip bathtub mat machine washable,1701,15,0.88%,$1.12,$16.83,$48.21,,,2,2,,,,,
"Jul 26, 2026",,USD,词组主干,词组主干 组,non slip bathtub mat,PHRASE,non slip bathtub mat machine washable,1084,9,0.83%,$1.12,$10.07,$0.00,,,0,0,,,,,
"Jul 27, 2026",,USD,词组主干,词组主干 组,non slip bathtub mat,PHRASE,non slip bathtub mat machine washable,2358,19,0.81%,$1.12,$21.26,$96.42,,,4,4,,,,,
"Jul 28, 2026",,USD,词组主干,词组主干 组,non slip bathtub mat,PHRASE,non slip bathtub mat machine washable,3737,19,0.51%,$1.11,$21.08,$105.59,,,3,3,,,,,
"Jul 29, 2026",,USD,词组主干,词组主干 组,non slip bathtub mat,PHRASE,non slip bathtub mat machine washable,3371,32,0.95%,$1.12,$35.73,$24.11,,,1,1,,,,,
"Jul 30, 2026",,USD,词组主干,词组主干 组,non slip bathtub mat,PHRASE,non slip bathtub mat machine washable,1767,16,0.91%,$1.12,$17.93,$24.11,,,1,1,,,,,
"Jul 31, 2026",,USD,词组主干,词组主干 组,non slip bathtub mat,PHRASE,non slip bathtub mat machine washable,1105,6,0.54%,$1.06,$6.33,$24.11,,,1,1,,,,,
"Aug 01, 2026",,USD,词组主干,词组主干 组,non slip bathtub mat,PHRASE,non slip bathtub mat machine washable,3250,22,0.68%,$1.12,$24.66,$48.21,,,2,2,,,,,
"Aug 02, 2026",,USD,词组主干,词组主干 组,non slip bathtub mat,PHRASE,non slip bathtub mat machine washable,3241,24,0.74%,$1.11,$26.67,$126.00,,,4,4,,,,,
"Jul 27, 2026",,USD,词组主干,词组主干 组,non slip bathtub mat,PHRASE,non slip bathtub mat machine washable 20 inch tub grip with suction cups,20,2,10.0%,$1.10,$2.20,$0.00,,,0,0,,,,,
"Jul 23, 2026",,USD,词组主干,词组主干 组,non slip bathtub mat,PHRASE,non slip bathtub mat machine washable 5 inch,7,2,28.57%,$1.12,$2.24,$0.00,,,0,0,,,,,
"Jul 29, 2026",,USD,词组主干,词组主干 组,non slip bathtub mat,PHRASE,non slip bathtub mat machine washable big and dorm,13,2,15.38%,$1.10,$2.20,$24.11,,,1,1,,,,,
"Jul 31, 2026",,USD,词组主干,词组主干 组,non slip bathtub mat,PHRASE,non slip bathtub mat machine washable with suction cups strong,7,2,28.57%,$1.10,$2.20,$0.00,,,0,0,,,,,
"Jul 31, 2026",,USD,词组主干,词组主干 组,non slip bathtub mat,PHRASE,non slip bathtub mat with shower curtain,6,1,16.67%,$1.12,$1.12,$0.00,,,0,0,,,,,
"Jul 14, 2026",,USD,词组主干,词组主干 组,non slip bathtub mat,PHRASE,non slip bathtub mat with suction cups,20,1,5.0%,$1.10,$1.10,$0.00,,,0,0,,,,,
"Jul 26, 2026",,USD,词组主干,词组主干 组,non slip bathtub mat,PHRASE,non slip bathtub mat with suction cups,5,1,20.0%,$1.10,$1.10,$0.00,,,0,0,,,,,
"Jul 27, 2026",,USD,词组主干,词组主干 组,non slip bathtub mat,PHRASE,non slip bathtub mat with suction cups,5,1,20.0%,$1.10,$1.10,$70.39,,,2,2,,,,,
"Aug 01, 2026",,USD,词组主干,词组主干 组,non slip bathtub mat,PHRASE,non slip bathtub mat with suction cups compact,4,1,25.0%,$1.10,$1.10,$0.00,,,0,0,,,,,
"Jul 14, 2026",,USD,词组主干,词组主干 组,non slip bathtub mat,PHRASE,non slip bathtub mat with everyday natural,1,1,100.0%,$1.10,$1.10,$0.00,,,0,0,,,,,
"Jul 18, 2026",,USD,词组主干,词组主干 组,non slip bathtub mat,PHRASE,non slip bathtub mat with ultra nordic,1,1,100.0%,$1.10,$1.10,$0.00,,,0,0,,,,,
"Jul 23, 2026",,USD,词组主干,词组主干 组,non slip bathtub mat,PHRASE,non slip bathtub mat with premium,6,2,33.33%,$1.12,$2.24,$0.00,,,0,0,,,,,
"Jul 29, 2026",,USD,词组主干,词组主干 组,non slip bathtub mat,PHRASE,non slip bathtub mat with value compact,15,1,6.67%,$1.10,$1.10,$0.00,,,0,0,,,,,
"Jul 29, 2026",,USD,词组主干,词组主干 组,non slip bathtub mat,PHRASE,non slip bathtub mat durable,9,1,11.11%,$1.12,$1.12,$0.00,,,0,0,,,,,
"Jul 28, 2026",,USD,词组主干,词组主干 组,non slip bathtub mat,PHRASE,non slip gym anti skid bathtub mat,2,1,50.0%,$1.10,$1.10,$0.00,,,0,0,,,,,
"Jul 29, 2026",,USD,词组主干,词组主干 组,non slip bathtub mat,PHRASE,kovera non slip bathtub mat,10,2,20.0%,$1.10,$2.20,$0.00,,,0,0,,,,,
"Jul 31, 2026",,USD,词组主干,词组主干 组,non slip bathtub mat,PHRASE,kovera non slip bathtub mat machine washable,2,1,50.0%,$1.10,$1.10,$0.00,,,0,0,,,,,
"Jul 11, 2026",,USD,词组主干,词组主干 组,non slip bathtub mat,PHRASE,zentab non slip bathtub mat,13,1,7.69%,$0.96,$0.96,$0.00,,,0,0,,,,,
"Jul 11, 2026",,USD,词组主干,词组主干 组,non slip bathtub mat,PHRASE,zentab non slip bathtub mat 30 inch,21,1,4.76%,$1.10,$1.10,$0.00,,,0,0,,,,,
"Jul 22, 2026",,USD,词组主干,词组主干 组,non slip bathtub mat,PHRASE,zentab non slip bathtub mat 30 inch,3,2,66.67%,$1.12,$2.24,$0.00,,,0,0,,,,,
"Jul 18, 2026",,USD,词组主干,词组主干 组,non slip bathtub mat,PHRASE,zentab non slip bathtub mat large,14,2,14.29%,$1.10,$2.20,$0.00,,,0,0,,,,,
"Jul 20, 2026",,USD,词组主干,词组主干 组,non slip bathtub mat,PHRASE,zentab non slip bathtub mat large,28,2,7.14%,$1.10,$2.20,$0.00,,,0,0,,,,,
"Jul 21, 2026",,USD,词组主干,词组主干 组,non slip bathtub mat,PHRASE,zentab non slip bathtub mat large,23,1,4.35%,$1.12,$1.12,$48.21,,,2,2,,,,,
"Jul 24, 2026",,USD,词组主干,词组主干 组,non slip bathtub mat,PHRASE,zentab non slip bathtub mat large,47,2,4.26%,$1.12,$2.24,$0.00,,,0,0,,,,,
"Jul 27, 2026",,USD,词组主干,词组主干 组,non slip bathtub mat,PHRASE,zentab non slip bathtub mat large,33,2,6.06%,$1.12,$2.24,$0.00,,,0,0,,,,,
"Jul 21, 2026",,USD,词组主干,词组主干 组,non slip bathtub mat,PHRASE,zentab non slip bathtub mat with suction cups compact,1,1,100.0%,$1.10,$1.10,$0.00,,,0,0,,,,,
"Jul 25, 2026",,USD,词组主干,词组主干 组,non slip bathtub mat,PHRASE,modern non slip bathtub mat,4,1,25.0%,$1.10,$1.10,$0.00,,,0,0,,,,,
"Jul 10, 2026",,USD,词组主干,词组主干 组,non slip bathtub mat,PHRASE,ulmaro non slip bathtub mat,22,2,9.09%,$1.10,$2.20,$0.00,,,0,0,,,,,
"Aug 02, 2026",,USD,词组主干,词组主干 组,non slip bathtub mat,PHRASE,gift nonslip bathtub mat,4,1,25.0%,$1.10,$1.10,$0.00,,,0,0,,,,,
"Jul 22, 2026",,USD,词组主干,词组主干 组,non slip bathtub mat,PHRASE,mini non slip bathtub mat,3,1,33.33%,$1.10,$1.10,$0.00,,,0,0,,,,,
"Jul 24, 2026",,USD,词组主干,词组主干 组,non slip bathtub mat,PHRASE,clarity dock non slip bathtub mat,8,1,12.5%,$1.10,$1.10,$0.00,,,0,0,,,,,
"Jul 27, 2026",,USD,词组主干,词组主干 组,non slip bathtub mat,PHRASE,clarity dock non slip bathtub mat,30,1,3.33%,$1.12,$1.12,$0.00,,,0,0,,,,,
"Jul 31, 2026",,USD,词组主干,词组主干 组,non slip bathtub mat,PHRASE,spa non slip bathtub mat,3,1,33.33%,$1.12,$1.12,$0.00,,,0,0,,,,,
"Jul 19, 2026",,USD,词组主干,词组主干 组,non slip bathtub mat,PHRASE,quick drying non slip bathtub mat lightweight,7,1,14.29%,$1.10,$1.10,$0.00,,,0,0,,,,,
"Jul 26, 2026",,USD,词组主干,词组主干 组,non slip bathtub mat,PHRASE,noblis non slip bathtub mat,10,1,10.0%,$1.10,$1.10,$0.00,,,0,0,,,,,
"Jul 19, 2026",,USD,词组主干,词组主干 组,non slip bathtub mat,PHRASE,nordic non slip bathtub mat gray,13,1,7.69%,$1.10,$1.10,$0.00,,,0,0,,,,,
"Aug 01, 2026",,USD,词组主干,词组主干 组,non slip bathtub mat,PHRASE,reversible non slip bathtub mat strong to original,2,2,100.0%,$1.10,$2.20,$0.00,,,0,0,,,,,
"Jul 16, 2026",,USD,词组主干,词组主干 组,non slip bathtub mat,PHRASE,norvane non slip bathtub mat,378,2,0.53%,$1.10,$2.20,$0.00,,,0,0,,,,,
"Jul 21, 2026",,USD,词组主干,词组主干 组,non slip bathtub mat,PHRASE,norvane non slip bathtub mat,559,1,0.18%,$1.10,$1.10,$0.00,,,0,0,,,,,
"Jul 29, 2026",,USD,词组主干,词组主干 组,non slip bathtub mat,PHRASE,norvane non slip bathtub mat,99,1,1.01%,$1.12,$1.12,$0.00,,,0,0,,,,,
"Jul 30, 2026",,USD,词组主干,词组主干 组,non slip bathtub mat,PHRASE,norvane non slip bathtub mat,47,2,4.26%,$1.10,$2.20,$0.00,,,0,0,,,,,
"Aug 02, 2026",,USD,词组主干,词组主干 组,non slip bathtub mat,PHRASE,norvane non slip bathtub mat,32,1,3.12%,$1.12,$1.12,$0.00,,,0,0,,,,,
"Jul 10, 2026",,USD,词组主干,词组主干 组,non slip bathtub mat,PHRASE,machine washable nonslip bathtub mat,5,1,20.0%,$0.64,$0.64,$35.20,,,1,1,,,,,
"Jul 13, 2026",,USD,词组主干,词组主干 组,non slip bathtub mat,PHRASE,machine washable nonslip bathtub mat,8,1,12.5%,$1.07,$1.07,$0.00,,,0,0,,,,,
"Jul 31, 2026",,USD,词组主干,词组主干 组,non slip bathtub mat,PHRASE,lastever non slip bathtub mat machine washable,23,2,8.7%,$1.10,$2.20,$0.00,,,0,0,,,,,
"Jul 17, 2026",,USD,词组主干,词组主干 组,non slip bathtub mat,PHRASE,brightoak non slip bathtub mat,1,1,100.0%,$1.10,$1.10,$0.00,,,0,0,,,,,
"Jul 20, 2026",,USD,词组主干,词组主干 组,non slip bathtub mat,PHRASE,brightoak non slip bathtub mat,17,1,5.88%,$1.10,$1.10,$0.00,,,0,0,,,,,
"Jul 24, 2026",,USD,词组主干,词组主干 组,non slip bathtub mat,PHRASE,brightoak non slip bathtub mat,9,2,22.22%,$1.10,$2.20,$0.00,,,0,0,,,,,
"Jul 26, 2026",,USD,词组主干,词组主干 组,non slip bathtub mat,PHRASE,brightoak non slip bathtub mat,5,1,20.0%,$1.09,$1.09,$0.00,,,0,0,,,,,
"Jul 26, 2026",,USD,词组主干,词组主干 组,non slip bathtub mat,PHRASE,brightoak non slip bathtub mat with quality pillows,5,1,20.0%,$1.10,$1.10,$0.00,,,0,0,,,,,
"Jul 28, 2026",,USD,词组主干,词组主干 组,non slip bathtub mat,PHRASE,durable non slip bathtub mat,2,1,50.0%,$1.10,$1.10,$0.00,,,0,0,,,,,
"Jul 19, 2026",,USD,词组主干,词组主干 组,non slip bathtub mat,PHRASE,size xx non slip bathtub mat,1,1,100.0%,$1.10,$1.10,$24.11,,,1,1,,,,,
"Jul 13, 2026",,USD,词组主干,词组主干 组,non slip bathtub mat,PHRASE,gym nonslip bathtub mat,22,1,4.55%,$1.10,$1.10,$48.21,,,2,2,,,,,
"Jul 18, 2026",,USD,词组主干,词组主干 组,non slip bathtub mat,PHRASE,gym nonslip bathtub mat,19,2,10.53%,$1.10,$2.20,$0.00,,,0,0,,,,,
"Jul 18, 2026",,USD,词组主干,词组主干 组,non slip bathtub mat,PHRASE,mini anti slip bathtub mat,3,1,33.33%,$1.10,$1.10,$0.00,,,0,0,,,,,
"Jul 27, 2026",,USD,属性-吸盘款,属性-吸盘款 组,thick tub showers machine washable strong suction cups rugs non slip,BROAD,non slip tub floor mat,2,2,100.0%,$1.02,$2.04,$24.11,,,1,1,,,,,
"Jul 30, 2026",,USD,属性-吸盘款,属性-吸盘款 组,thick tub showers machine washable strong suction cups rugs non slip,BROAD,original cushioned skid free rugs,2,2,100.0%,$1.02,$2.04,$24.11,,,1,1,,,,,
"Jul 21, 2026",,USD,属性-吸盘款,属性-吸盘款 组,nonslip bathtub rugs with suction cups,BROAD,bathtub mat non slip,19,2,10.53%,$1.00,$1.99,$24.11,,,1,1,,,,,
"Jul 29, 2026",,USD,属性-吸盘款,属性-吸盘款 组,nonslip bathtub rugs with suction cups,BROAD,anti slip best bathtub rug with the suction cups,1,1,100.0%,$1.02,$1.02,$0.00,,,0,0,,,,,
"Jul 21, 2026",,USD,属性-吸盘款,属性-吸盘款 组,nonslip bathtub rugs with suction cups,BROAD,nonslip bathtub rugs with suction cups,22,1,4.55%,$1.02,$1.02,$0.00,,,0,0,,,,,
"Aug 02, 2026",,USD,属性-吸盘款,属性-吸盘款 组,nonslip bathtub rugs with suction cups,BROAD,nonslip bathtub rugs with suction cups,12,1,8.33%,$1.02,$1.02,$24.11,,,1,1,,,,,
"Jul 27, 2026",,USD,属性-吸盘款,属性-吸盘款 组,nonslip bathtub rugs with suction cups,BROAD,non slip bathtub runner rugs with suction cups,2,1,50.0%,$1.02,$1.02,$0.00,,,0,0,,,,,
"Jul 26, 2026",,USD,属性-吸盘款,属性-吸盘款 组,nonslip bathtub rugs with suction cups,BROAD,non slip bathtub runner rugs with suction cups strong,2,1,50.0%,$1.02,$1.02,$35.20,,,1,1,,,,,
"Jul 22, 2026",,USD,属性-吸盘款,属性-吸盘款 组,nonslip bathtub rugs with suction cups,BROAD,non slip bathtub runner by rugs with foldable suction cups,3,1,33.33%,$1.02,$1.02,$0.00,,,0,0,,,,,
"Jul 30, 2026",,USD,属性-吸盘款,属性-吸盘款 组,nonslip bathtub rugs with suction cups,BROAD,kovera runners for bathtub anti slip,1,1,100.0%,$1.02,$1.02,$0.00,,,0,0,,,,,
"Jul 19, 2026",,USD,精确主干,精确主干 组,shower stall mat non slip,EXACT,shower stall mat non slip,255,2,0.78%,$1.06,$2.12,$48.21,,,2,2,,,,,
"Jul 20, 2026",,USD,精确主干,精确主干 组,shower stall mat non slip,EXACT,shower stall mat non slip,308,5,1.62%,$1.06,$5.30,$24.11,,,1,1,,,,,
"Jul 21, 2026",,USD,精确主干,精确主干 组,shower stall mat non slip,EXACT,shower stall mat non slip,237,1,0.42%,$1.06,$1.06,$0.00,,,0,0,,,,,
"Jul 22, 2026",,USD,精确主干,精确主干 组,shower stall mat non slip,EXACT,shower stall mat non slip,475,4,0.84%,$1.06,$4.24,$24.11,,,1,1,,,,,
"Jul 23, 2026",,USD,精确主干,精确主干 组,shower stall mat non slip,EXACT,shower stall mat non slip,391,6,1.53%,$1.06,$6.36,$59.30,,,2,2,,,,,
"Jul 24, 2026",,USD,精确主干,精确主干 组,shower stall mat non slip,EXACT,shower stall mat non slip,554,6,1.08%,$1.06,$6.36,$48.21,,,2,2,,,,,
"Jul 25, 2026",,USD,精确主干,精确主干 组,shower stall mat non slip,EXACT,shower stall mat non slip,795,9,1.13%,$1.06,$9.55,$0.00,,,0,0,,,,,
"Jul 26, 2026",,USD,精确主干,精确主干 组,shower stall mat non slip,EXACT,shower stall mat non slip,594,1,0.17%,$1.06,$1.06,$0.00,,,0,0,,,,,
"Jul 27, 2026",,USD,精确主干,精确主干 组,shower stall mat non slip,EXACT,shower stall mat non slip,515,12,2.33%,$1.05,$12.57,$111.21,,,4,4,,,,,
"Jul 28, 2026",,USD,精确主干,精确主干 组,shower stall mat non slip,EXACT,shower stall mat non slip,465,6,1.29%,$1.06,$6.36,$0.00,,,0,0,,,,,
"Jul 29, 2026",,USD,精确主干,精确主干 组,shower stall mat non slip,EXACT,shower stall mat non slip,537,1,0.19%,$1.06,$1.06,$0.00,,,0,0,,,,,
"Jul 30, 2026",,USD,精确主干,精确主干 组,shower stall mat non slip,EXACT,shower stall mat non slip,734,7,0.95%,$1.06,$7.43,$35.20,,,1,1,,,,,
"Jul 31, 2026",,USD,精确主干,精确主干 组,shower stall mat non slip,EXACT,shower stall mat non slip,344,3,0.87%,$1.06,$3.18,$0.00,,,0,0,,,,,
"Aug 01, 2026",,USD,精确主干,精确主干 组,shower stall mat non slip,EXACT,shower stall mat non slip,422,3,0.71%,$1.06,$3.18,$0.00,,,0,0,,,,,
"Aug 02, 2026",,USD,精确主干,精确主干 组,shower stall mat non slip,EXACT,shower stall mat non slip,347,1,0.29%,$1.06,$1.06,$0.00,,,0,0,,,,,
"Jul 22, 2026",,USD,精确主干,精确主干 组,shower stall mat non slip,EXACT,shower mat non slip,5,1,20.0%,$1.06,$1.06,$24.11,,,1,1,,,,,
"Jul 31, 2026",,USD,属性-吸盘款2,属性-吸盘款2 组,non slip shower mat machine washable with strong suction cups,BROAD,nonslip bathtub rugs small machine washable,4,1,25.0%,$1.02,$1.02,$0.00,,,0,0,,,,,
"Aug 02, 2026",,USD,属性-吸盘款2,属性-吸盘款2 组,non slip shower mat machine washable with strong suction cups,BROAD,non slip shower mat machine washable,2,1,50.0%,$1.02,$1.02,$0.00,,,0,0,,,,,
"Jul 31, 2026",,USD,属性-吸盘款2,属性-吸盘款2 组,non slip shower mat machine washable with strong suction cups,BROAD,pellura shower non slip mat apartment,3,1,33.33%,$1.02,$1.02,$0.00,,,0,0,,,,,
"Aug 01, 2026",,USD,属性-吸盘款2,属性-吸盘款2 组,machine washable bathtub runner rugs non slip with suction cups,BROAD,compact shower mat non slip,2,2,100.0%,$1.02,$2.04,$0.00,,,0,0,,,,,
"Jul 26, 2026",,USD,属性-吸盘款,属性-吸盘款 组,non slip toilet brushes with suction cups compact,BROAD,skid free family toilet brushes,9,1,11.11%,$1.02,$1.02,$0.00,,,0,0,,,,,
"Jul 31, 2026",,USD,品类主题,品类主题 组,nan,,bathtub mat,123,1,0.81%,$0.69,$0.69,$0.00,,,0,0,,,,,
"Aug 02, 2026",,USD,品类主题,品类主题 组,nan,,bathtub mat,174,1,0.57%,$0.69,$0.69,$0.00,,,0,0,,,,,
"Jul 30, 2026",,USD,品类主题,品类主题 组,nan,,non slip tub gripping mat machine washable,12,2,16.67%,$0.69,$1.38,$0.00,,,0,0,,,,,
"Aug 01, 2026",,USD,品类主题,品类主题 组,nan,,non slip toilet brushes,173,3,1.73%,$0.69,$2.06,$0.00,,,0,0,,,,,
"Jul 31, 2026",,USD,品类主题,品类主题 组,nan,,non slip bathtub rugs,10,1,10.0%,$0.69,$0.69,$24.11,,,1,1,,,,,
"Jul 30, 2026",,USD,品类主题,品类主题 组,nan,,durable mat non slip,60,1,1.67%,$0.69,$0.69,$0.00,,,0,0,,,,,
"Jul 16, 2026",,USD,ASIN定位-3,ASIN定位-3 组,b0demo0005,,b0demo0005,42,1,2.38%,$1.16,$1.16,$0.00,,,0,0,,,,,
"Jul 17, 2026",,USD,ASIN定位-3,ASIN定位-3 组,b0demo0005,,b0demo0005,186,2,1.08%,$0.94,$1.88,$0.00,,,0,0,,,,,
"Jul 18, 2026",,USD,ASIN定位-3,ASIN定位-3 组,b0demo0005,,b0demo0005,136,1,0.74%,$1.16,$1.16,$0.00,,,0,0,,,,,
"Jul 19, 2026",,USD,ASIN定位-3,ASIN定位-3 组,b0demo0005,,b0demo0005,100,1,1.0%,$1.16,$1.16,$0.00,,,0,0,,,,,
"Jul 26, 2026",,USD,ASIN定位-1,ASIN定位-1 组,b0demo0030,,b0demo0030,20,1,5.0%,$0.77,$0.77,$0.00,,,0,0,,,,,
"Jul 30, 2026",,USD,ASIN定位-1,ASIN定位-1 组,b0demo0030,,quorra anti slip natural natural apartment flexible,3,1,33.33%,$0.77,$0.77,$0.00,,,0,0,,,,,
"Jul 29, 2026",,USD,ASIN定位-1,ASIN定位-1 组,b0demo0030,,quorras,5,2,40.0%,$0.78,$1.55,$0.00,,,0,0,,,,,
"Jul 25, 2026",,USD,ASIN定位-1,ASIN定位-1 组,b0demo0030,,dremmo non slip mat,3,1,33.33%,$0.77,$0.77,$0.00,,,0,0,,,,,
"Jul 25, 2026",,USD,ASIN定位-1,ASIN定位-1 组,b0demo0030,,avenor non slip mat,16,1,6.25%,$0.77,$0.77,$0.00,,,0,0,,,,,
"Aug 01, 2026",,USD,ASIN定位-1,ASIN定位-1 组,b0demo0030,,non skid mat,3,1,33.33%,$0.77,$0.77,$0.00,,,0,0,,,,,
"Jul 22, 2026",,USD,ASIN定位-1,ASIN定位-1 组,b0demo0030,,travel lightweight mat non slip,7,2,28.57%,$0.78,$1.55,$0.00,,,0,0,,,,,
"Jul 14, 2026",,USD,ASIN定位-1,ASIN定位-1 组,b0demo0030,,apartment bathtub runners,2,1,50.0%,$0.77,$0.77,$0.00,,,0,0,,,,,
"Jul 27, 2026",,USD,ASIN定位-2,ASIN定位-2 组,b0demo0006,,b0demo0006,47,1,2.13%,$0.77,$0.77,$0.00,,,0,0,,,,,
"Jul 20, 2026",,USD,ASIN定位-2,ASIN定位-2 组,b0demo0006,,dorm bathtub mat,2,1,50.0%,$0.77,$0.77,$0.00,,,0,0,,,,,
"Jul 23, 2026",,USD,ASIN定位-2,ASIN定位-2 组,b0demo0006,,rv runners,4,2,50.0%,$0.78,$1.55,$0.00,,,0,0,,,,,
"Jul 22, 2026",,USD,ASIN定位-2,ASIN定位-2 组,b0demo0006,,quorras trusted non slip,20,1,5.0%,$0.77,$0.77,$0.00,,,0,0,,,,,
"Jul 20, 2026",,USD,ASIN定位-2,ASIN定位-2 组,b0demo0006,,classic in shower resistant machine washable hotel for tub bathtub,8,2,25.0%,$0.78,$1.55,$0.00,,,0,0,,,,,
"Jul 25, 2026",,USD,ASIN定位-2,ASIN定位-2 组,b0demo0006,,dremmo mat non slip,8,1,12.5%,$0.77,$0.77,$0.00,,,0,0,,,,,
"Jul 22, 2026",,USD,ASIN定位-2,ASIN定位-2 组,b0demo0006,,mira and co non slip mat,4,1,25.0%,$0.77,$0.77,$70.39,,,2,2,,,,,
"Aug 01, 2026",,USD,ASIN定位-2,ASIN定位-2 组,b0demo0006,,mira and co mat non slip,1,1,100.0%,$0.77,$0.77,$0.00,,,0,0,,,,,
"Jul 25, 2026",,USD,ASIN定位-2,ASIN定位-2 组,b0demo0006,,dorm mat non slip,17,1,5.88%,$0.77,$0.77,$0.00,,,0,0,,,,,
"Jul 19, 2026",,USD,ASIN定位-2,ASIN定位-2 组,b0demo0006,,non skid tub floor mat,3,1,33.33%,$0.77,$0.77,$0.00,,,0,0,,,,,
"Jul 22, 2026",,USD,ASIN定位-2,ASIN定位-2 组,b0demo0006,,lumaset mat non slip,1,1,100.0%,$0.77,$0.77,$0.00,,,0,0,,,,,
"Jul 28, 2026",,USD,ASIN定位-2,ASIN定位-2 组,b0demo0006,,lumaset mat non slip,3,1,33.33%,$0.77,$0.77,$0.00,,,0,0,,,,,
"Jul 21, 2026",,USD,ASIN定位-2,ASIN定位-2 组,b0demo0006,,eco all day comfort,6,1,16.67%,$0.77,$0.77,$0.00,,,0,0,,,,,
"Jul 17, 2026",,USD,ASIN定位-2,ASIN定位-2 组,b0demo0006,,home bathtub mat,3,1,33.33%,$0.77,$0.77,$0.00,,,0,0,,,,,
"Jul 23, 2026",,USD,ASIN定位-2,ASIN定位-2 组,b0demo0006,,kovera all day comfort runner rugs,11,1,9.09%,$0.77,$0.77,$0.00,,,0,0,,,,,
"Jul 25, 2026",,USD,ASIN定位-2,ASIN定位-2 组,b0demo0006,,kovera all day comfort runner rugs,6,1,16.67%,$0.77,$0.77,$0.00,,,0,0,,,,,
"Jul 20, 2026",,USD,ASIN定位-2,ASIN定位-2 组,b0demo0006,,kovera mat,6,1,16.67%,$0.77,$0.77,$0.00,,,0,0,,,,,
"Jul 22, 2026",,USD,ASIN定位-2,ASIN定位-2 组,b0demo0006,,kovera mat,36,1,2.78%,$0.77,$0.77,$0.00,,,0,0,,,,,
"Jul 28, 2026",,USD,ASIN定位-2,ASIN定位-2 组,b0demo0006,,kovera mat,13,1,7.69%,$0.77,$0.77,$0.00,,,0,0,,,,,
"Jul 28, 2026",,USD,ASIN定位-2,ASIN定位-2 组,b0demo0006,,portable durable mat anti slip,2,2,100.0%,$0.78,$1.55,$0.00,,,0,0,,,,,
"Jul 22, 2026",,USD,ASIN定位-2,ASIN定位-2 组,b0demo0006,,zentab nonslip runner rugs bathtub,2,2,100.0%,$0.78,$1.55,$0.00,,,0,0,,,,,
"Jul 25, 2026",,USD,ASIN定位-2,ASIN定位-2 组,b0demo0006,,zentab nonslip stylish tub gripping bathtub runner rugs,1,1,100.0%,$0.77,$0.77,$0.00,,,0,0,,,,,
"Jul 27, 2026",,USD,ASIN定位-2,ASIN定位-2 组,b0demo0006,,clearwick non slip,39,1,2.56%,$0.77,$0.77,$0.00,,,0,0,,,,,
"Jul 18, 2026",,USD,ASIN定位-2,ASIN定位-2 组,b0demo0006,,pellura shower runners,34,2,5.88%,$0.78,$1.55,$0.00,,,0,0,,,,,
"Jul 24, 2026",,USD,ASIN定位-2,ASIN定位-2 组,b0demo0006,,pellura shower runners,4,1,25.0%,$0.77,$0.77,$0.00,,,0,0,,,,,
"Jul 25, 2026",,USD,ASIN定位-2,ASIN定位-2 组,b0demo0006,,pellura shower runners,17,2,11.76%,$0.78,$1.55,$0.00,,,0,0,,,,,
"Jul 18, 2026",,USD,ASIN定位-2,ASIN定位-2 组,b0demo0006,,pellura shower non slip mat,4,1,25.0%,$0.77,$0.77,$0.00,,,0,0,,,,,
"Jul 31, 2026",,USD,ASIN定位-2,ASIN定位-2 组,b0demo0006,,stylish comfort mat non slip,2,2,100.0%,$0.78,$1.55,$0.00,,,0,0,,,,,
"Jul 16, 2026",,USD,ASIN定位-3,ASIN定位-3 组,b0demo0147,,nonslip rubber bathtub mat,2,2,100.0%,$1.16,$2.32,$0.00,,,0,0,,,,,
"Jul 16, 2026",,USD,ASIN定位-3,ASIN定位-3 组,b0demo0147,,kovera mat,31,4,12.9%,$1.20,$4.81,$0.00,,,0,0,,,,,
"Jul 18, 2026",,USD,ASIN定位-3,ASIN定位-3 组,b0demo0147,,kovera mat,40,1,2.5%,$0.18,$0.18,$0.00,,,0,0,,,,,
"Jul 19, 2026",,USD,ASIN定位-3,ASIN定位-3 组,b0demo0147,,kovera mat,34,5,14.71%,$1.35,$6.77,$0.00,,,0,0,,,,,
"Jul 19, 2026",,USD,ASIN定位-3,ASIN定位-3 组,b0demo0004,,b0demo0004,51,3,5.88%,$1.16,$3.48,$70.39,,,2,2,,,,,
"Jul 20, 2026",,USD,ASIN定位-3,ASIN定位-3 组,b0demo0004,,b0demo0004,54,3,5.56%,$1.16,$3.48,$0.00,,,0,0,,,,,
"Jul 26, 2026",,USD,ASIN定位-3,ASIN定位-3 组,b0demo0004,,b0demo0004,3,1,33.33%,$0.77,$0.77,$0.00,,,0,0,,,,,
"Jul 31, 2026",,USD,ASIN定位-3,ASIN定位-3 组,b0demo0004,,dremmo,41,1,2.44%,$0.75,$0.75,$0.00,,,0,0,,,,,
"Jul 14, 2026",,USD,ASIN定位-1,ASIN定位-1 组,b0demo0029,,b0demo0029,7,2,28.57%,$0.78,$1.55,$0.00,,,0,0,,,,,
"Jul 29, 2026",,USD,ASIN定位-1,ASIN定位-1 组,b0demo0029,,lightweight apartment improved,1,1,100.0%,$0.77,$0.77,$0.00,,,0,0,,,,,
"Jul 25, 2026",,USD,ASIN定位-1,ASIN定位-1 组,b0demo0029,,dremo non slip,2,2,100.0%,$0.78,$1.55,$0.00,,,0,0,,,,,
"Jul 27, 2026",,USD,ASIN定位-1,ASIN定位-1 组,b0demo0029,,kovera,37,1,2.7%,$0.77,$0.77,$0.00,,,0,0,,,,,
"Jul 30, 2026",,USD,ASIN定位-1,ASIN定位-1 组,b0demo0029,,kovera,19,2,10.53%,$0.18,$0.37,$0.00,,,0,0,,,,,
"Jul 25, 2026",,USD,ASIN定位-1,ASIN定位-1 组,b0demo0029,,kovera runner rugs,10,1,10.0%,$0.77,$0.77,$0.00,,,0,0,,,,,
"Jul 26, 2026",,USD,ASIN定位-1,ASIN定位-1 组,b0demo0029,,kovera runner rugs,4,1,25.0%,$0.77,$0.77,$0.00,,,0,0,,,,,
"Jul 11, 2026",,USD,ASIN定位-1,ASIN定位-1 组,b0demo0029,,zentab,8,1,12.5%,$0.77,$0.77,$48.21,,,2,2,,,,,
"Jul 29, 2026",,USD,ASIN定位-1,ASIN定位-1 组,b0demo0029,,sorvel non slip bathtub runner rugs,2,2,100.0%,$0.78,$1.55,$0.00,,,0,0,,,,,
"Jul 17, 2026",,USD,ASIN定位-3,ASIN定位-3 组,b0demo0003,,b0demo0003,201,2,1.0%,$1.16,$2.32,$0.00,,,0,0,,,,,
"Jul 18, 2026",,USD,ASIN定位-3,ASIN定位-3 组,b0demo0003,,b0demo0003,224,1,0.45%,$1.16,$1.16,$0.00,,,0,0,,,,,
"Jul 19, 2026",,USD,ASIN定位-3,ASIN定位-3 组,b0demo0003,,b0demo0003,130,3,2.31%,$1.16,$3.48,$0.00,,,0,0,,,,,
"Jul 20, 2026",,USD,ASIN定位-3,ASIN定位-3 组,b0demo0003,,b0demo0003,182,3,1.65%,$0.87,$2.62,$0.00,,,0,0,,,,,
"Jul 19, 2026",,USD,ASIN定位-3,ASIN定位-3 组,b0demo0003,,dremmo non slip,4,1,25.0%,$1.55,$1.55,$48.21,,,2,2,,,,,
"Jul 20, 2026",,USD,ASIN定位-3,ASIN定位-3 组,b0demo0003,,mirabel bathtub mat anti slip,9,1,11.11%,$1.55,$1.55,$0.00,,,0,0,,,,,
"Aug 01, 2026",,USD,ASIN定位-3,ASIN定位-3 组,b0demo0003,,thick cushioned bathtub mat,2,2,100.0%,$0.78,$1.55,$0.00,,,0,0,,,,,
"Jul 27, 2026",,USD,ASIN定位-3,ASIN定位-3 组,b0demo0003,,kovera all day comfort runner rugs,8,2,25.0%,$0.78,$1.55,$0.00,,,0,0,,,,,
"Jul 16, 2026",,USD,ASIN定位-3,ASIN定位-3 组,b0demo0003,,portable mat anti slip,2,2,100.0%,$1.55,$3.10,$0.00,,,0,0,,,,,
"Jul 17, 2026",,USD,ASIN定位-3,ASIN定位-3 组,b0demo0003,,zentab nonslip runner rugs bathtub,1,1,100.0%,$1.16,$1.16,$0.00,,,0,0,,,,,
"Jul 20, 2026",,USD,ASIN定位-3,ASIN定位-3 组,b0demo0003,,machine washable bathtub liner,3,1,33.33%,$1.16,$1.16,$0.00,,,0,0,,,,,
"Aug 01, 2026",,USD,ASIN定位-3,ASIN定位-3 组,b0demo0003,,lastever mat,1,1,100.0%,$0.77,$0.77,$0.00,,,0,0,,,,,
"Jul 19, 2026",,USD,ASIN定位-3,ASIN定位-3 组,b0demo0017,,b0demo0017,2,1,50.0%,$1.16,$1.16,$0.00,,,0,0,,,,,
"Jul 16, 2026",,USD,ASIN定位-3,ASIN定位-3 组,b0demo0001,,b0demo0001,22,3,13.64%,$1.16,$3.48,$0.00,,,0,0,,,,,
"Jul 17, 2026",,USD,ASIN定位-3,ASIN定位-3 组,b0demo0001,,b0demo0001,80,2,2.5%,$1.16,$2.32,$48.21,,,2,2,,,,,
"Jul 18, 2026",,USD,ASIN定位-3,ASIN定位-3 组,b0demo0001,,b0demo0001,99,3,3.03%,$0.91,$2.73,$0.00,,,0,0,,,,,
"Jul 19, 2026",,USD,ASIN定位-3,ASIN定位-3 组,b0demo0001,,b0demo0001,101,2,1.98%,$1.16,$2.32,$48.21,,,2,2,,,,,
"Jul 20, 2026",,USD,ASIN定位-3,ASIN定位-3 组,b0demo0001,,b0demo0001,57,1,1.75%,$1.16,$1.16,$0.00,,,0,0,,,,,
"Jul 17, 2026",,USD,ASIN定位-1,ASIN定位-1 组,b0demo0010,,b0demo0010,8,1,12.5%,$0.77,$0.77,$0.00,,,0,0,,,,,
"Jul 29, 2026",,USD,ASIN定位-1,ASIN定位-1 组,b0demo0010,,non slip safety mat,1,1,100.0%,$0.77,$0.77,$24.11,,,1,1,,,,,
"Jul 25, 2026",,USD,ASIN定位-1,ASIN定位-1 组,b0demo0010,,ulmaro non slip bathtub mat,6,1,16.67%,$0.77,$0.77,$0.00,,,0,0,,,,,
"Jul 18, 2026",,USD,ASIN定位-2,ASIN定位-2 组,b0demo0019,,b0demo0019,9,2,22.22%,$0.78,$1.55,$0.00,,,0,0,,,,,
"Jul 18, 2026",,USD,ASIN定位-3,ASIN定位-3 组,b0demo0007,,b0demo0007,48,2,4.17%,$1.16,$2.32,$0.00,,,0,0,,,,,
"Jul 19, 2026",,USD,ASIN定位-3,ASIN定位-3 组,b0demo0007,,b0demo0007,37,2,5.41%,$1.14,$2.29,$0.00,,,0,0,,,,,
"Jul 22, 2026",,USD,ASIN定位-3,ASIN定位-3 组,b0demo0007,,zentab,11,2,18.18%,$0.78,$1.55,$24.11,,,1,1,,,,,
"Jul 10, 2026",,USD,ASIN定位-1,ASIN定位-1 组,b0demo0007,,b0demo0007,81,1,1.23%,$0.77,$0.77,$0.00,,,0,0,,,,,
"Jul 09, 2026",,USD,ASIN定位-1,ASIN定位-1 组,b0demo0002,,b0demo0002,4,2,50.0%,$0.78,$1.55,$0.00,,,0,0,,,,,
"Aug 02, 2026",,USD,ASIN定位-1,ASIN定位-1 组,b0demo0147,,kovera's mat,3,1,33.33%,$0.77,$0.77,$0.00,,,0,0,,,,,
"Jul 13, 2026",,USD,ASIN定位-1,ASIN定位-1 组,b0demo0006,,skid free mat non slip,4,2,50.0%,$0.78,$1.55,$24.11,,,1,1,,,,,
"Jul 10, 2026",,USD,ASIN定位-1,ASIN定位-1 组,b0demo0006,,b0demo0006,43,2,4.65%,$0.78,$1.55,$0.00,,,0,0,,,,,
"Jul 23, 2026",,USD,ASIN定位-1,ASIN定位-1 组,b0demo0006,,b0demo0006,13,1,7.69%,$0.77,$0.77,$24.11,,,1,1,,,,,
"Jul 25, 2026",,USD,ASIN定位-1,ASIN定位-1 组,b0demo0006,,b0demo0006,65,1,1.54%,$0.77,$0.77,$0.00,,,0,0,,,,,
"Aug 02, 2026",,USD,ASIN定位-1,ASIN定位-1 组,b0demo0006,,b0demo0006,42,2,4.76%,$0.78,$1.55,$0.00,,,0,0,,,,,
"Jul 25, 2026",,USD,ASIN定位-1,ASIN定位-1 组,b0demo0006,,oryn shower stall runners,6,2,33.33%,$0.78,$1.55,$0.00,,,0,0,,,,,
"Aug 01, 2026",,USD,ASIN定位-1,ASIN定位-1 组,b0demo0006,,oryn shower stall runners,1,1,100.0%,$0.77,$0.77,$0.00,,,0,0,,,,,
"Jul 14, 2026",,USD,ASIN定位-1,ASIN定位-1 组,b0demo0006,,runners nordic bathtub,8,1,12.5%,$0.77,$0.77,$0.00,,,0,0,,,,,
"Jul 31, 2026",,USD,ASIN定位-1,ASIN定位-1 组,b0demo0006,,durable apartment spa,9,1,11.11%,$0.77,$0.77,$0.00,,,0,0,,,,,
"Jul 12, 2026",,USD,ASIN定位-1,ASIN定位-1 组,b0demo0006,,family shower runner rugs,7,1,14.29%,$0.77,$0.77,$24.11,,,1,1,,,,,
"Jul 15, 2026",,USD,ASIN定位-1,ASIN定位-1 组,b0demo0006,,family shower runner rugs,7,2,28.57%,$0.78,$1.55,$0.00,,,0,0,,,,,
"Jul 26, 2026",,USD,ASIN定位-1,ASIN定位-1 组,b0demo0006,,classic shower stall mat,2,2,100.0%,$0.78,$1.55,$0.00,,,0,0,,,,,
"Jul 15, 2026",,USD,ASIN定位-1,ASIN定位-1 组,b0demo0006,,deluxe mat gray,3,1,33.33%,$0.77,$0.77,$0.00,,,0,0,,,,,
"Jul 13, 2026",,USD,ASIN定位-1,ASIN定位-1 组,b0demo0006,,dremmo non slip,3,1,33.33%,$0.77,$0.77,$0.00,,,0,0,,,,,
"Jul 26, 2026",,USD,ASIN定位-1,ASIN定位-1 组,b0demo0006,,dremmo non slip,13,2,15.38%,$0.78,$1.55,$0.00,,,0,0,,,,,
"Jul 27, 2026",,USD,ASIN定位-1,ASIN定位-1 组,b0demo0006,,dremmo non slip,20,2,10.0%,$0.78,$1.55,$0.00,,,0,0,,,,,
"Aug 01, 2026",,USD,ASIN定位-1,ASIN定位-1 组,b0demo0006,,dremmo non slip,13,1,7.69%,$0.77,$0.77,$0.00,,,0,0,,,,,
"Jul 29, 2026",,USD,ASIN定位-1,ASIN定位-1 组,b0demo0006,,dremmo shower runner rugs non slip,5,1,20.0%,$0.77,$0.77,$0.00,,,0,0,,,,,
"Jul 30, 2026",,USD,ASIN定位-1,ASIN定位-1 组,b0demo0006,,dremmo shower runner rugs non slip,8,1,12.5%,$0.77,$0.77,$0.00,,,0,0,,,,,
"Jul 26, 2026",,USD,ASIN定位-1,ASIN定位-1 组,b0demo0006,,dremmo mat non slip,10,2,20.0%,$0.78,$1.55,$0.00,,,0,0,,,,,
"Jul 29, 2026",,USD,ASIN定位-1,ASIN定位-1 组,b0demo0006,,mira and co mat non slip,4,2,50.0%,$0.78,$1.55,$0.00,,,0,0,,,,,
"Jul 27, 2026",,USD,ASIN定位-1,ASIN定位-1 组,b0demo0006,,textured mat non slip,4,2,50.0%,$0.78,$1.55,$0.00,,,0,0,,,,,
"Jul 27, 2026",,USD,ASIN定位-1,ASIN定位-1 组,b0demo0006,,bathtub strips non slip,6,2,33.33%,$0.78,$1.55,$0.00,,,0,0,,,,,
"Jul 22, 2026",,USD,ASIN定位-1,ASIN定位-1 组,b0demo0006,,shower stall runners non slip,3,1,33.33%,$0.77,$0.77,$0.00,,,0,0,,,,,
"Jul 24, 2026",,USD,ASIN定位-1,ASIN定位-1 组,b0demo0006,,lumaset mat non slip,6,1,16.67%,$0.77,$0.77,$0.00,,,0,0,,,,,
"Jul 29, 2026",,USD,ASIN定位-1,ASIN定位-1 组,b0demo0006,,lumaset mat non slip,6,1,16.67%,$0.77,$0.77,$0.00,,,0,0,,,,,
"Jul 27, 2026",,USD,ASIN定位-1,ASIN定位-1 组,b0demo0006,,kowera mat,4,2,50.0%,$0.78,$1.55,$81.97,,,1,1,,,,,
"Jul 31, 2026",,USD,ASIN定位-1,ASIN定位-1 组,b0demo0006,,ko vera bathtub mat,1,1,100.0%,$0.77,$0.77,$0.00,,,0,0,,,,,
"Jul 31, 2026",,USD,ASIN定位-1,ASIN定位-1 组,b0demo0006,,ko vera mat,9,1,11.11%,$0.77,$0.77,$0.00,,,0,0,,,,,
"Jul 31, 2026",,USD,ASIN定位-1,ASIN定位-1 组,b0demo0006,,nonslip bathtub products,2,1,50.0%,$0.77,$0.77,$0.00,,,0,0,,,,,
"Jul 28, 2026",,USD,ASIN定位-1,ASIN定位-1 组,b0demo0006,,non slip durable rugs,4,1,25.0%,$0.77,$0.77,$0.00,,,0,0,,,,,
"Jul 14, 2026",,USD,ASIN定位-1,ASIN定位-1 组,b0demo0006,,deluxe mat,1,1,100.0%,$0.77,$0.77,$0.00,,,0,0,,,,,
"Jul 13, 2026",,USD,ASIN定位-1,ASIN定位-1 组,b0demo0006,,kovera all day comfort runner rugs,23,1,4.35%,$0.77,$0.77,$0.00,,,0,0,,,,,
"Jul 24, 2026",,USD,ASIN定位-1,ASIN定位-1 组,b0demo0006,,kovera all day comfort runner rugs,17,1,5.88%,$0.77,$0.77,$0.00,,,0,0,,,,,
"Jul 25, 2026",,USD,ASIN定位-1,ASIN定位-1 组,b0demo0006,,kovera all day comfort runner rugs,12,1,8.33%,$0.77,$0.77,$0.00,,,0,0,,,,,
"Jul 26, 2026",,USD,ASIN定位-1,ASIN定位-1 组,b0demo0006,,kovera all day comfort runner rugs,15,3,20.0%,$0.77,$2.32,$0.00,,,0,0,,,,,
"Jul 30, 2026",,USD,ASIN定位-1,ASIN定位-1 组,b0demo0006,,kovera all day comfort runner rugs,14,1,7.14%,$0.77,$0.77,$0.00,,,0,0,,,,,
"Aug 02, 2026",,USD,ASIN定位-1,ASIN定位-1 组,b0demo0006,,kovera all day comfort runner rugs,19,1,5.26%,$0.77,$0.77,$0.00,,,0,0,,,,,
"Jul 28, 2026",,USD,ASIN定位-1,ASIN定位-1 组,b0demo0006,,kovera bathtub mat,10,1,10.0%,$0.77,$0.77,$0.00,,,0,0,,,,,
"Jul 12, 2026",,USD,ASIN定位-1,ASIN定位-1 组,b0demo0006,,kovera mat,21,2,9.52%,$0.78,$1.55,$24.11,,,1,1,,,,,
"Jul 13, 2026",,USD,ASIN定位-1,ASIN定位-1 组,b0demo0006,,kovera mat,14,1,7.14%,$0.77,$0.77,$0.00,,,0,0,,,,,
"Jul 14, 2026",,USD,ASIN定位-1,ASIN定位-1 组,b0demo0006,,kovera mat,32,1,3.12%,$0.77,$0.77,$0.00,,,0,0,,,,,
"Jul 21, 2026",,USD,ASIN定位-1,ASIN定位-1 组,b0demo0006,,kovera mat,10,1,10.0%,$0.77,$0.77,$0.00,,,0,0,,,,,
"Jul 25, 2026",,USD,ASIN定位-1,ASIN定位-1 组,b0demo0006,,kovera mat,35,2,5.71%,$0.78,$1.55,$0.00,,,0,0,,,,,
"Jul 26, 2026",,USD,ASIN定位-1,ASIN定位-1 组,b0demo0006,,kovera mat,69,2,2.9%,$0.78,$1.55,$0.00,,,0,0,,,,,
"Jul 27, 2026",,USD,ASIN定位-1,ASIN定位-1 组,b0demo0006,,kovera mat,23,2,8.7%,$0.78,$1.55,$0.00,,,0,0,,,,,
"Jul 29, 2026",,USD,ASIN定位-1,ASIN定位-1 组,b0demo0006,,kovera mat,47,2,4.26%,$0.78,$1.55,$0.00,,,0,0,,,,,
"Jul 31, 2026",,USD,ASIN定位-1,ASIN定位-1 组,b0demo0006,,kovera mat,43,1,2.33%,$0.77,$0.77,$0.00,,,0,0,,,,,
"Aug 01, 2026",,USD,ASIN定位-1,ASIN定位-1 组,b0demo0006,,kovera mat,24,3,12.5%,$0.75,$2.24,$0.00,,,0,0,,,,,
"Aug 02, 2026",,USD,ASIN定位-1,ASIN定位-1 组,b0demo0006,,kovera mat,80,4,5.0%,$0.70,$2.82,$0.00,,,0,0,,,,,
"Jul 19, 2026",,USD,ASIN定位-1,ASIN定位-1 组,b0demo0006,,portable mat,1,1,100.0%,$0.77,$0.77,$0.00,,,0,0,,,,,
"Jul 31, 2026",,USD,ASIN定位-1,ASIN定位-1 组,b0demo0006,,luxury mat,3,2,66.67%,$0.78,$1.55,$0.00,,,0,0,,,,,
"Jul 27, 2026",,USD,ASIN定位-1,ASIN定位-1 组,b0demo0006,,clearwick non slip,27,2,7.41%,$0.78,$1.55,$0.00,,,0,0,,,,,
"Jul 30, 2026",,USD,ASIN定位-1,ASIN定位-1 组,b0demo0006,,rv runners non slip,1,1,100.0%,$0.77,$0.77,$0.00,,,0,0,,,,,
"Jul 15, 2026",,USD,ASIN定位-1,ASIN定位-1 组,b0demo0006,,pellura shower runners,31,3,9.68%,$0.77,$2.32,$0.00,,,0,0,,,,,
"Jul 19, 2026",,USD,ASIN定位-1,ASIN定位-1 组,b0demo0006,,pellura shower runners,13,2,15.38%,$0.78,$1.55,$24.11,,,1,1,,,,,
"Jul 21, 2026",,USD,ASIN定位-1,ASIN定位-1 组,b0demo0006,,pellura shower runners,4,2,50.0%,$0.78,$1.55,$0.00,,,0,0,,,,,
"Jul 27, 2026",,USD,ASIN定位-1,ASIN定位-1 组,b0demo0006,,apartment runners,3,1,33.33%,$0.77,$0.77,$0.00,,,0,0,,,,,
"Jul 16, 2026",,USD,ASIN定位-1,ASIN定位-1 组,b0demo0006,,fairman mat,1,1,100.0%,$0.77,$0.77,$24.11,,,1,1,,,,,
"Jul 13, 2026",,USD,ASIN定位-1,ASIN定位-1 组,b0demo0006,,gym non slip mat,2,1,50.0%,$0.77,$0.77,$0.00,,,0,0,,,,,
"Jul 16, 2026",,USD,ASIN定位-1,ASIN定位-1 组,b0demo0006,,tub draining floor mat non slip,2,1,50.0%,$0.77,$0.77,$24.11,,,1,1,,,,,
"Jul 20, 2026",,USD,ASIN定位-1,ASIN定位-1 组,b0demo0006,,tub draining floor mat non slip,1,1,100.0%,$0.77,$0.77,$0.00,,,0,0,,,,,
"Jul 10, 2026",,USD,自动-主,自动-主 组,紧密匹配,,size 4 rugs non slip,2,1,50.0%,$1.16,$1.16,$24.11,,,1,1,,,,,
"Jul 29, 2026",,USD,自动-主,自动-主 组,紧密匹配,,family mat,17,1,5.88%,$0.77,$0.77,$0.00,,,0,0,,,,,
"Jul 15, 2026",,USD,自动-主,自动-主 组,紧密匹配,,skid free toilet brush essential,10,1,10.0%,$0.77,$0.77,$0.00,,,0,0,,,,,
"Jul 31, 2026",,USD,自动-主,自动-主 组,紧密匹配,,nordly bathtub mat non slip,2,2,100.0%,$1.10,$2.19,$0.00,,,0,0,,,,,
"Jul 29, 2026",,USD,自动-主,自动-主 组,紧密匹配,,trusted gift,34,1,2.94%,$0.77,$0.77,$0.00,,,0,0,,,,,
"Jul 22, 2026",,USD,自动-主,自动-主 组,紧密匹配,,modern mat,2,1,50.0%,$0.77,$0.77,$0.00,,,0,0,,,,,
"Jul 15, 2026",,USD,自动-主,自动-主 组,紧密匹配,,mildew resistant runner rugs,60,1,1.67%,$0.77,$0.77,$0.00,,,0,0,,,,,
"Aug 01, 2026",,USD,自动-主,自动-主 组,紧密匹配,,mildew resistant runner rugs,77,2,2.6%,$0.66,$1.31,$0.00,,,0,0,,,,,
"Jul 11, 2026",,USD,自动-主,自动-主 组,紧密匹配,,mildew resistant runners,17,2,11.76%,$1.16,$2.32,$0.00,,,0,0,,,,,
"Jul 12, 2026",,USD,自动-主,自动-主 组,紧密匹配,,mildew resistant runners,11,1,9.09%,$1.16,$1.16,$0.00,,,0,0,,,,,
"Jul 25, 2026",,USD,自动-主,自动-主 组,紧密匹配,,mildew resistant rugs anti slip,17,1,5.88%,$0.77,$0.77,$0.00,,,0,0,,,,,
"Jul 21, 2026",,USD,自动-主,自动-主 组,紧密匹配,,mildew resistant trusted runner rugs,63,2,3.17%,$0.78,$1.55,$0.00,,,0,0,,,,,
"Jul 10, 2026",,USD,自动-主,自动-主 组,紧密匹配,,mildew resistant trusted mat non slip,362,1,0.28%,$1.02,$1.02,$0.00,,,0,0,,,,,
"Jul 11, 2026",,USD,自动-主,自动-主 组,紧密匹配,,mildew resistant trusted mat non slip,428,1,0.23%,$1.16,$1.16,$0.00,,,0,0,,,,,
"Jul 13, 2026",,USD,自动-主,自动-主 组,紧密匹配,,mildew resistant trusted mat non slip,570,2,0.35%,$0.78,$1.55,$0.00,,,0,0,,,,,
"Jul 11, 2026",,USD,自动-主,自动-主 组,紧密匹配,,mildew resistant shower runners non slip,1,1,100.0%,$1.16,$1.16,$0.00,,,0,0,,,,,
"Jul 14, 2026",,USD,自动-主,自动-主 组,紧密匹配,,mildew resistant non slip rugs,25,1,4.0%,$0.77,$0.77,$0.00,,,0,0,,,,,
"Jul 11, 2026",,USD,自动-主,自动-主 组,紧密匹配,,mildew resistant mat non slip,16,1,6.25%,$1.16,$1.16,$0.00,,,0,0,,,,,
"Jul 10, 2026",,USD,自动-主,自动-主 组,紧密匹配,,mildew resistant mat anti slip,471,2,0.42%,$1.16,$2.32,$0.00,,,0,0,,,,,
"Jul 11, 2026",,USD,自动-主,自动-主 组,紧密匹配,,mildew resistant mat anti slip,402,1,0.25%,$1.16,$1.16,$0.00,,,0,0,,,,,
"Jul 12, 2026",,USD,自动-主,自动-主 组,紧密匹配,,mildew resistant mat anti slip,319,1,0.31%,$1.16,$1.16,$0.00,,,0,0,,,,,
"Jul 13, 2026",,USD,自动-主,自动-主 组,紧密匹配,,mildew resistant mat anti slip,548,1,0.18%,$0.77,$0.77,$0.00,,,0,0,,,,,
"Jul 29, 2026",,USD,自动-主,自动-主 组,紧密匹配,,oryn shower stall runners,4,1,25.0%,$1.16,$1.16,$24.11,,,1,1,,,,,
"Aug 02, 2026",,USD,自动-主,自动-主 组,紧密匹配,,oryn shower stall runners,4,1,25.0%,$1.23,$1.23,$0.00,,,0,0,,,,,
"Aug 02, 2026",,USD,自动-主,自动-主 组,紧密匹配,,runner rugs bathtub mat pvc free,5,2,40.0%,$1.02,$2.05,$0.00,,,0,0,,,,,
"Jul 21, 2026",,USD,自动-主,自动-主 组,紧密匹配,,runner rugs travel suction cups,1,1,100.0%,$0.77,$0.77,$0.00,,,0,0,,,,,
"Jul 10, 2026",,USD,自动-主,自动-主 组,紧密匹配,,runner rugs with travel suction cups,5,1,20.0%,$0.89,$0.89,$0.00,,,0,0,,,,,
"Jul 18, 2026",,USD,自动-主,自动-主 组,紧密匹配,,runner shower,4,1,25.0%,$0.77,$0.77,$0.00,,,0,0,,,,,
"Jul 23, 2026",,USD,自动-主,自动-主 组,紧密匹配,,runners non slip,4,1,25.0%,$0.77,$0.77,$0.00,,,0,0,,,,,
"Jul 26, 2026",,USD,自动-主,自动-主 组,紧密匹配,,runners non slip,9,2,22.22%,$0.78,$1.55,$0.00,,,0,0,,,,,
"Jul 28, 2026",,USD,自动-主,自动-主 组,紧密匹配,,runners non slip,9,1,11.11%,$0.77,$0.77,$0.00,,,0,0,,,,,
"Jul 31, 2026",,USD,自动-主,自动-主 组,紧密匹配,,runners non slip,37,1,2.7%,$0.82,$0.82,$0.00,,,0,0,,,,,
"Aug 02, 2026",,USD,自动-主,自动-主 组,紧密匹配,,runners non slip,762,5,0.66%,$0.81,$4.05,$0.00,,,0,0,,,,,
"Jul 24, 2026",,USD,自动-主,自动-主 组,紧密匹配,,runners non slip gray,2,1,50.0%,$0.77,$0.77,$0.00,,,0,0,,,,,
"Jul 22, 2026",,USD,自动-主,自动-主 组,紧密匹配,,doors bathtub mat,51,1,1.96%,$0.77,$0.77,$0.00,,,0,0,,,,,
"Jul 27, 2026",,USD,自动-主,自动-主 组,紧密匹配,,doors bathtub mat,34,2,5.88%,$0.78,$1.55,$0.00,,,0,0,,,,,
"Jul 24, 2026",,USD,自动-主,自动-主 组,紧密匹配,,halvex doors bathtub mat,41,1,2.44%,$0.77,$0.77,$0.00,,,0,0,,,,,
"Jul 17, 2026",,USD,自动-主,自动-主 组,紧密匹配,,halvex non slip bathtub mat,63,3,4.76%,$0.77,$2.32,$35.20,,,1,1,,,,,
"Jul 18, 2026",,USD,自动-主,自动-主 组,紧密匹配,,halvex non slip bathtub mat,115,1,0.87%,$0.77,$0.77,$0.00,,,0,0,,,,,
"Jul 20, 2026",,USD,自动-主,自动-主 组,紧密匹配,,halvex non slip bathtub mat,78,3,3.85%,$0.77,$2.32,$0.00,,,0,0,,,,,
"Jul 25, 2026",,USD,自动-主,自动-主 组,紧密匹配,,halvex non slip bathtub mat,62,2,3.23%,$0.78,$1.55,$0.00,,,0,0,,,,,
"Aug 01, 2026",,USD,自动-主,自动-主 组,紧密匹配,,halvex non slip bathtub mat,32,1,3.12%,$0.82,$0.82,$0.00,,,0,0,,,,,
"Jul 19, 2026",,USD,自动-主,自动-主 组,紧密匹配,,shower curtain,32,1,3.12%,$0.77,$0.77,$0.00,,,0,0,,,,,
"Jul 20, 2026",,USD,自动-主,自动-主 组,紧密匹配,,shower curtain everyday,62,1,1.61%,$0.77,$0.77,$0.00,,,0,0,,,,,
"Jul 19, 2026",,USD,自动-主,自动-主 组,紧密匹配,,shower curtain mat,30,1,3.33%,$0.77,$0.77,$0.00,,,0,0,,,,,
"Jul 13, 2026",,USD,自动-主,自动-主 组,紧密匹配,,shower curtain mat non slip,12,1,8.33%,$0.77,$0.77,$0.00,,,0,0,,,,,
"Jul 18, 2026",,USD,自动-主,自动-主 组,紧密匹配,,shower curtain mat non slip,64,1,1.56%,$0.77,$0.77,$0.00,,,0,0,,,,,
"Jul 19, 2026",,USD,自动-主,自动-主 组,紧密匹配,,shower curtain mat non slip,132,1,0.76%,$0.77,$0.77,$0.00,,,0,0,,,,,
"Jul 20, 2026",,USD,自动-主,自动-主 组,紧密匹配,,shower curtain mat non slip,124,1,0.81%,$0.77,$0.77,$0.00,,,0,0,,,,,
"Jul 22, 2026",,USD,自动-主,自动-主 组,紧密匹配,,spa shower curtains non slip extra long,21,1,4.76%,$0.77,$0.77,$0.00,,,0,0,,,,,
"Jul 18, 2026",,USD,自动-主,自动-主 组,紧密匹配,,trusted mildew resistant mat anti slip,8,2,25.0%,$0.78,$1.55,$0.00,,,0,0,,,,,
"Jul 21, 2026",,USD,自动-主,自动-主 组,紧密匹配,,quorras non slip,150,1,0.67%,$0.77,$0.77,$0.00,,,0,0,,,,,
"Jul 22, 2026",,USD,自动-主,自动-主 组,紧密匹配,,quorras non slip,275,2,0.73%,$0.78,$1.55,$24.11,,,1,1,,,,,
"Jul 24, 2026",,USD,自动-主,自动-主 组,紧密匹配,,quorras non slip,314,4,1.27%,$0.78,$3.10,$0.00,,,0,0,,,,,
"Jul 25, 2026",,USD,自动-主,自动-主 组,紧密匹配,,quorras non slip,383,1,0.26%,$0.77,$0.77,$0.00,,,0,0,,,,,
"Jul 27, 2026",,USD,自动-主,自动-主 组,紧密匹配,,quorras non slip,199,1,0.5%,$0.77,$0.77,$0.00,,,0,0,,,,,
"Jul 31, 2026",,USD,自动-主,自动-主 组,紧密匹配,,quorras non slip,2,1,50.0%,$0.82,$0.82,$0.00,,,0,0,,,,,
"Jul 27, 2026",,USD,自动-主,自动-主 组,紧密匹配,,essential travel mat,17,2,11.76%,$0.78,$1.55,$0.00,,,0,0,,,,,
"Jul 30, 2026",,USD,自动-主,自动-主 组,紧密匹配,,drem mo non slip,2,2,100.0%,$1.23,$2.46,$0.00,,,0,0,,,,,
"Aug 01, 2026",,USD,自动-主,自动-主 组,紧密匹配,,drem mo non slip,2,1,50.0%,$1.23,$1.23,$0.00,,,0,0,,,,,
"Jul 19, 2026",,USD,自动-主,自动-主 组,紧密匹配,,dremmo non slip,4,1,25.0%,$0.77,$0.77,$0.00,,,0,0,,,,,
"Jul 31, 2026",,USD,自动-主,自动-主 组,紧密匹配,,dremmo non slip,13,2,15.38%,$1.23,$2.46,$0.00,,,0,0,,,,,
"Jul 30, 2026",,USD,自动-主,自动-主 组,紧密匹配,,dremmo shower runner rugs non slip,2,1,50.0%,$1.23,$1.23,$0.00,,,0,0,,,,,
"Jul 30, 2026",,USD,自动-主,自动-主 组,紧密匹配,,dremmo shower mat non slip,6,1,16.67%,$1.23,$1.23,$0.00,,,0,0,,,,,
"Jul 31, 2026",,USD,自动-主,自动-主 组,紧密匹配,,dremmo shower mat non slip,17,3,17.65%,$1.23,$3.69,$0.00,,,0,0,,,,,
"Aug 01, 2026",,USD,自动-主,自动-主 组,紧密匹配,,dremmo shower mat non slip,32,1,3.12%,$1.23,$1.23,$24.11,,,1,1,,,,,
"Jul 30, 2026",,USD,自动-主,自动-主 组,紧密匹配,,dremmo mat non slip,18,6,33.33%,$1.19,$7.13,$0.00,,,0,0,,,,,
"Aug 01, 2026",,USD,自动-主,自动-主 组,紧密匹配,,dremmo mat non slip,8,1,12.5%,$0.82,$0.82,$0.00,,,0,0,,,,,
"Aug 02, 2026",,USD,自动-主,自动-主 组,紧密匹配,,dremmo mat non slip,13,3,23.08%,$1.23,$3.69,$0.00,,,0,0,,,,,
"Jul 15, 2026",,USD,自动-主,自动-主 组,紧密匹配,,rv shower curtain non slip,93,1,1.08%,$0.77,$0.77,$0.00,,,0,0,,,,,
"Jul 16, 2026",,USD,自动-主,自动-主 组,紧密匹配,,rv shower curtain non slip,84,1,1.19%,$0.77,$0.77,$0.00,,,0,0,,,,,
"Jul 18, 2026",,USD,自动-主,自动-主 组,紧密匹配,,rv shower curtain non slip,55,1,1.82%,$0.76,$0.76,$0.00,,,0,0,,,,,
"Jul 19, 2026",,USD,自动-主,自动-主 组,紧密匹配,,rv shower curtain non slip,161,1,0.62%,$0.77,$0.77,$0.00,,,0,0,,,,,
"Jul 22, 2026",,USD,自动-主,自动-主 组,紧密匹配,,rv shower curtain non slip,134,1,0.75%,$0.77,$0.77,$0.00,,,0,0,,,,,
"Jul 25, 2026",,USD,自动-主,自动-主 组,紧密匹配,,rv shower curtain non slip,119,1,0.84%,$0.77,$0.77,$0.00,,,0,0,,,,,
"Jul 26, 2026",,USD,自动-主,自动-主 组,紧密匹配,,rv shower curtain non slip,86,1,1.16%,$0.77,$0.77,$0.00,,,0,0,,,,,
"Jul 27, 2026",,USD,自动-主,自动-主 组,紧密匹配,,rv shower curtain non slip,55,4,7.27%,$0.78,$3.10,$0.00,,,0,0,,,,,
"Jul 29, 2026",,USD,自动-主,自动-主 组,紧密匹配,,rv shower curtain non slip,81,1,1.23%,$0.77,$0.77,$0.00,,,0,0,,,,,
"Jul 28, 2026",,USD,自动-主,自动-主 组,紧密匹配,,strong and corner in shower comfort runner rugs non slip,1,1,100.0%,$0.77,$0.77,$0.00,,,0,0,,,,,
"Jul 16, 2026",,USD,自动-主,自动-主 组,紧密匹配,,strong travel mat non slip,3,1,33.33%,$0.77,$0.77,$0.00,,,0,0,,,,,
"Jul 18, 2026",,USD,自动-主,自动-主 组,紧密匹配,,strong to corner comfort mat,3,1,33.33%,$0.76,$0.76,$0.00,,,0,0,,,,,
"Jul 18, 2026",,USD,自动-主,自动-主 组,紧密匹配,,dorm non slip loofah mat,21,1,4.76%,$0.77,$0.77,$0.00,,,0,0,,,,,
"Jul 14, 2026",,USD,自动-主,自动-主 组,紧密匹配,,avenor non slip mat,2,1,50.0%,$0.77,$0.77,$0.00,,,0,0,,,,,
"Jul 26, 2026",,USD,自动-主,自动-主 组,紧密匹配,,avenor non slip mat,80,2,2.5%,$0.78,$1.55,$0.00,,,0,0,,,,,
"Jul 09, 2026",,USD,自动-主,自动-主 组,紧密匹配,,bathtub runner rugs,12,1,8.33%,$0.98,$0.98,$0.00,,,0,0,,,,,
"Jul 29, 2026",,USD,自动-主,自动-主 组,紧密匹配,,bathtub runner rugs,6,1,16.67%,$1.16,$1.16,$0.00,,,0,0,,,,,
"Jul 28, 2026",,USD,自动-主,自动-主 组,紧密匹配,,bathtub runner rugs non slip,15,2,13.33%,$0.78,$1.55,$0.00,,,0,0,,,,,
"Aug 02, 2026",,USD,自动-主,自动-主 组,紧密匹配,,bathtub runner rugs non slip,13,1,7.69%,$0.81,$0.81,$0.00,,,0,0,,,,,
"Aug 02, 2026",,USD,自动-主,自动-主 组,紧密匹配,,bathtub runner rugs with suction cups,3,1,33.33%,$1.23,$1.23,$0.00,,,0,0,,,,,
"Jul 11, 2026",,USD,自动-主,自动-主 组,紧密匹配,,bathtub runners non slip,8,2,25.0%,$1.16,$2.32,$0.00,,,0,0,,,,,
"Jul 19, 2026",,USD,自动-主,自动-主 组,紧密匹配,,bathtub runners non slip,4,2,50.0%,$0.78,$1.55,$0.00,,,0,0,,,,,
"Aug 02, 2026",,USD,自动-主,自动-主 组,紧密匹配,,bathtub runners non slip,6,2,33.33%,$1.23,$2.46,$0.00,,,0,0,,,,,
"Jul 28, 2026",,USD,自动-主,自动-主 组,紧密匹配,,bathtub rugs loofah,2,1,50.0%,$0.77,$0.77,$35.20,,,1,1,,,,,
"Jul 20, 2026",,USD,自动-主,自动-主 组,紧密匹配,,bathtub non slip,28,1,3.57%,$0.77,$0.77,$0.00,,,0,0,,,,,
"Jul 29, 2026",,USD,自动-主,自动-主 组,紧密匹配,,bathtub anti slip,2,1,50.0%,$0.77,$0.77,$0.00,,,0,0,,,,,
"Jul 29, 2026",,USD,自动-主,自动-主 组,紧密匹配,,bathtub pillows non slip,9,1,11.11%,$0.77,$0.77,$0.00,,,0,0,,,,,
"Jul 31, 2026",,USD,自动-主,自动-主 组,紧密匹配,,bathtub & shower mats,5,1,20.0%,$1.23,$1.23,$0.00,,,0,0,,,,,
"Aug 01, 2026",,USD,自动-主,自动-主 组,紧密匹配,,bathtub & shower mats,3,1,33.33%,$1.23,$1.23,$24.11,,,1,1,,,,,
"Aug 01, 2026",,USD,自动-主,自动-主 组,紧密匹配,,bathtub mat,30,2,6.67%,$1.23,$2.46,$0.00,,,0,0,,,,,
"Jul 07, 2026",,USD,自动-主,自动-主 组,紧密匹配,,bathtub mat non slip,190,3,1.58%,$0.98,$2.95,$48.21,,,2,2,,,,,
"Jul 10, 2026",,USD,自动-主,自动-主 组,紧密匹配,,bathtub mat non slip,669,1,0.15%,$1.16,$1.16,$0.00,,,0,0,,,,,
"Jul 11, 2026",,USD,自动-主,自动-主 组,紧密匹配,,bathtub mat non slip,1573,6,0.38%,$1.16,$6.95,$48.21,,,2,2,,,,,
"Jul 12, 2026",,USD,自动-主,自动-主 组,紧密匹配,,bathtub mat non slip,735,2,0.27%,$1.16,$2.32,$35.20,,,1,1,,,,,
"Jul 13, 2026",,USD,自动-主,自动-主 组,紧密匹配,,bathtub mat non slip,690,5,0.72%,$0.77,$3.87,$0.00,,,0,0,,,,,
"Jul 14, 2026",,USD,自动-主,自动-主 组,紧密匹配,,bathtub mat non slip,604,6,0.99%,$0.77,$4.64,$108.47,,,3,4,,,,,
"Jul 15, 2026",,USD,自动-主,自动-主 组,紧密匹配,,bathtub mat non slip,334,1,0.3%,$0.77,$0.77,$0.00,,,0,0,,,,,
"Jul 17, 2026",,USD,自动-主,自动-主 组,紧密匹配,,bathtub mat non slip,542,1,0.18%,$0.77,$0.77,$0.00,,,0,0,,,,,
"Jul 19, 2026",,USD,自动-主,自动-主 组,紧密匹配,,bathtub mat non slip,877,2,0.23%,$0.78,$1.55,$0.00,,,0,0,,,,,
"Jul 20, 2026",,USD,自动-主,自动-主 组,紧密匹配,,bathtub mat non slip,678,7,1.03%,$0.77,$5.42,$0.00,,,0,0,,,,,
"Jul 21, 2026",,USD,自动-主,自动-主 组,紧密匹配,,bathtub mat non slip,404,5,1.24%,$0.77,$3.87,$48.21,,,2,2,,,,,
"Jul 22, 2026",,USD,自动-主,自动-主 组,紧密匹配,,bathtub mat non slip,263,2,0.76%,$0.78,$1.55,$0.00,,,0,0,,,,,
"Jul 24, 2026",,USD,自动-主,自动-主 组,紧密匹配,,bathtub mat non slip,571,4,0.7%,$0.78,$3.10,$0.00,,,0,0,,,,,
"Jul 25, 2026",,USD,自动-主,自动-主 组,紧密匹配,,bathtub mat non slip,452,1,0.22%,$0.77,$0.77,$0.00,,,0,0,,,,,
"Jul 26, 2026",,USD,自动-主,自动-主 组,紧密匹配,,bathtub mat non slip,566,8,1.41%,$0.77,$6.19,$0.00,,,0,0,,,,,
"Jul 27, 2026",,USD,自动-主,自动-主 组,紧密匹配,,bathtub mat non slip,313,1,0.32%,$0.77,$0.77,$0.00,,,0,0,,,,,
"Jul 28, 2026",,USD,自动-主,自动-主 组,紧密匹配,,bathtub mat non slip,62,1,1.61%,$0.77,$0.77,$0.00,,,0,0,,,,,
"Jul 29, 2026",,USD,自动-主,自动-主 组,紧密匹配,,bathtub mat non slip,200,3,1.5%,$0.77,$2.32,$0.00,,,0,0,,,,,
"Aug 01, 2026",,USD,自动-主,自动-主 组,紧密匹配,,bathtub mat non slip,175,3,1.71%,$0.82,$2.46,$0.00,,,0,0,,,,,
"Aug 02, 2026",,USD,自动-主,自动-主 组,紧密匹配,,bathtub mat non slip,194,3,1.55%,$0.77,$2.31,$48.21,,,2,2,,,,,
"Jul 17, 2026",,USD,自动-主,自动-主 组,紧密匹配,,bathtub mat non slip with suction cups,49,2,4.08%,$0.71,$1.42,$24.11,,,1,1,,,,,
"Jul 20, 2026",,USD,自动-主,自动-主 组,紧密匹配,,bathtub mat non slip with suction cups,63,1,1.59%,$0.77,$0.77,$0.00,,,0,0,,,,,
"Jul 21, 2026",,USD,自动-主,自动-主 组,紧密匹配,,bathtub mat non slip with suction cups,57,2,3.51%,$0.78,$1.55,$0.00,,,0,0,,,,,
"Jul 24, 2026",,USD,自动-主,自动-主 组,紧密匹配,,bathtub mat non slip with suction cups,116,2,1.72%,$0.78,$1.55,$0.00,,,0,0,,,,,
"Jul 26, 2026",,USD,自动-主,自动-主 组,紧密匹配,,bathtub mat non slip with suction cups,59,1,1.69%,$0.71,$0.71,$0.00,,,0,0,,,,,
"Jul 08, 2026",,USD,自动-主,自动-主 组,紧密匹配,,bathtub mat quick drying,2,1,50.0%,$0.98,$0.98,$0.00,,,0,0,,,,,
"Jul 30, 2026",,USD,自动-主,自动-主 组,紧密匹配,,shower stall mat non slip,1,1,100.0%,$1.23,$1.23,$0.00,,,0,0,,,,,
"Jul 12, 2026",,USD,自动-主,自动-主 组,紧密匹配,,shower mildew resistant bathtub mat,2,2,100.0%,$1.16,$2.32,$0.00,,,0,0,,,,,
"Jul 22, 2026",,USD,自动-主,自动-主 组,紧密匹配,,shower non slip mat with suction cups compact,8,2,25.0%,$0.78,$1.55,$0.00,,,0,0,,,,,
"Jul 15, 2026",,USD,自动-主,自动-主 组,紧密匹配,,shower mat,50,1,2.0%,$0.76,$0.76,$0.00,,,0,0,,,,,
"Jul 26, 2026",,USD,自动-主,自动-主 组,紧密匹配,,shower mat,38,1,2.63%,$0.77,$0.77,$0.00,,,0,0,,,,,
"Jul 13, 2026",,USD,自动-主,自动-主 组,紧密匹配,,shower mat non slip,13,1,7.69%,$0.77,$0.77,$24.11,,,1,1,,,,,
"Jul 27, 2026",,USD,自动-主,自动-主 组,紧密匹配,,anti skid runner shower mat,2,2,100.0%,$0.78,$1.55,$0.00,,,0,0,,,,,
"Jul 29, 2026",,USD,自动-主,自动-主 组,紧密匹配,,koverra bathtub mat non slip,2,1,50.0%,$1.16,$1.16,$0.00,,,0,0,,,,,
"Aug 01, 2026",,USD,自动-主,自动-主 组,紧密匹配,,koverra bathtub mat non slip,4,1,25.0%,$1.23,$1.23,$35.20,,,1,1,,,,,
"Aug 02, 2026",,USD,自动-主,自动-主 组,紧密匹配,,koverra bathtub mat non slip,2,1,50.0%,$1.23,$1.23,$48.21,,,2,2,,,,,
"Jul 23, 2026",,USD,自动-主,自动-主 组,紧密匹配,,travel skid free toilet brushes,8,1,12.5%,$0.77,$0.77,$0.00,,,0,0,,,,,
"Aug 02, 2026",,USD,自动-主,自动-主 组,紧密匹配,,anti slip runner shower mat,1,1,100.0%,$1.23,$1.23,$35.20,,,1,1,,,,,
"Jul 30, 2026",,USD,自动-主,自动-主 组,紧密匹配,,anti slip bathtub mat,3,1,33.33%,$1.23,$1.23,$0.00,,,0,0,,,,,
"Jul 29, 2026",,USD,自动-主,自动-主 组,紧密匹配,,anti slip nonslip shower mat,2,1,50.0%,$1.16,$1.16,$0.00,,,0,0,,,,,
"Jul 15, 2026",,USD,自动-主,自动-主 组,紧密匹配,,anti slip loofah mat runner rug,2,2,100.0%,$0.78,$1.55,$0.00,,,0,0,,,,,
"Aug 01, 2026",,USD,自动-主,自动-主 组,紧密匹配,,anti slip mat,32,2,6.25%,$0.82,$1.64,$0.00,,,0,0,,,,,
"Jul 19, 2026",,USD,自动-主,自动-主 组,紧密匹配,,anti slip mat with travel on the strong,2,1,50.0%,$0.77,$0.77,$0.00,,,0,0,,,,,
"Jul 30, 2026",,USD,自动-主,自动-主 组,紧密匹配,,ko vera bathtub mat,3,3,100.0%,$1.19,$3.56,$48.21,,,2,2,,,,,
"Aug 01, 2026",,USD,自动-主,自动-主 组,紧密匹配,,ko vera mat,9,1,11.11%,$1.23,$1.23,$0.00,,,0,0,,,,,
"Aug 01, 2026",,USD,自动-主,自动-主 组,紧密匹配,,anti slip machine washable bathtub mat,3,1,33.33%,$1.23,$1.23,$0.00,,,0,0,,,,,
"Jul 11, 2026",,USD,自动-主,自动-主 组,紧密匹配,,nonslip bathtub,56,3,5.36%,$1.16,$3.48,$0.00,,,0,0,,,,,
"Jul 17, 2026",,USD,自动-主,自动-主 组,紧密匹配,,nonslip bathtub,308,1,0.32%,$0.77,$0.77,$0.00,,,0,0,,,,,
"Jul 19, 2026",,USD,自动-主,自动-主 组,紧密匹配,,nonslip bathtub,262,3,1.15%,$0.77,$2.32,$0.00,,,0,0,,,,,
"Jul 20, 2026",,USD,自动-主,自动-主 组,紧密匹配,,nonslip bathtub,197,1,0.51%,$0.77,$0.77,$0.00,,,0,0,,,,,
"Jul 22, 2026",,USD,自动-主,自动-主 组,紧密匹配,,nonslip bathtub,112,1,0.89%,$0.77,$0.77,$0.00,,,0,0,,,,,
"Jul 28, 2026",,USD,自动-主,自动-主 组,紧密匹配,,nonslip bathtub,90,1,1.11%,$0.77,$0.77,$0.00,,,0,0,,,,,
"Jul 14, 2026",,USD,自动-主,自动-主 组,紧密匹配,,nonslip bathtub mat,3,1,33.33%,$0.77,$0.77,$0.00,,,0,0,,,,,
"Jul 29, 2026",,USD,自动-主,自动-主 组,紧密匹配,,nonslip bathtub mat shower runner rugs with suction cups compact,2,1,50.0%,$1.16,$1.16,$0.00,,,0,0,,,,,
"Jul 08, 2026",,USD,自动-主,自动-主 组,紧密匹配,,nonslip shower mat machine washable,30,1,3.33%,$0.95,$0.95,$0.00,,,0,0,,,,,
"Jul 11, 2026",,USD,自动-主,自动-主 组,紧密匹配,,nonslip loofah runners,2,1,50.0%,$1.09,$1.09,$0.00,,,0,0,,,,,
"Jul 19, 2026",,USD,自动-主,自动-主 组,紧密匹配,,nonslip loofah mat,174,1,0.57%,$0.77,$0.77,$0.00,,,0,0,,,,,
"Jul 25, 2026",,USD,自动-主,自动-主 组,紧密匹配,,nonslip loofah mat,77,2,2.6%,$0.78,$1.55,$0.00,,,0,0,,,,,
"Jul 20, 2026",,USD,自动-主,自动-主 组,紧密匹配,,nonslip machine washable bathtub rugs runner,1,1,100.0%,$0.77,$0.77,$35.20,,,1,1,,,,,
"Jul 07, 2026",,USD,自动-主,自动-主 组,紧密匹配,,nonslip bathtub mat gray,69,2,2.9%,$0.87,$1.74,$0.00,,,0,0,,,,,
"Jul 12, 2026",,USD,自动-主,自动-主 组,紧密匹配,,non slip mildew resistant mat,39,1,2.56%,$1.16,$1.16,$0.00,,,0,0,,,,,
"Jul 09, 2026",,USD,自动-主,自动-主 组,紧密匹配,,non slip tub in shower mat,58,1,1.72%,$0.98,$0.98,$0.00,,,0,0,,,,,
"Jul 10, 2026",,USD,自动-主,自动-主 组,紧密匹配,,non slip tub in shower mat,10,1,10.0%,$1.16,$1.16,$0.00,,,0,0,,,,,
"Aug 01, 2026",,USD,自动-主,自动-主 组,紧密匹配,,non slip runners,8,1,12.5%,$1.23,$1.23,$0.00,,,0,0,,,,,
"Aug 02, 2026",,USD,自动-主,自动-主 组,紧密匹配,,non slip runners,35,2,5.71%,$0.82,$1.64,$0.00,,,0,0,,,,,
"Jul 27, 2026",,USD,自动-主,自动-主 组,紧密匹配,,non slip runners textured loofah rugs,1,1,100.0%,$0.77,$0.77,$0.00,,,0,0,,,,,
"Jul 22, 2026",,USD,自动-主,自动-主 组,紧密匹配,,non slip textured loofah runner mat,3,2,66.67%,$0.78,$1.55,$0.00,,,0,0,,,,,
"Jul 15, 2026",,USD,自动-主,自动-主 组,紧密匹配,,non slip rugs,301,1,0.33%,$0.77,$0.77,$0.00,,,0,0,,,,,
"Jul 18, 2026",,USD,自动-主,自动-主 组,紧密匹配,,non slip rugs,836,4,0.48%,$0.78,$3.10,$0.00,,,0,0,,,,,
"Jul 20, 2026",,USD,自动-主,自动-主 组,紧密匹配,,non slip rugs,864,2,0.23%,$0.78,$1.55,$0.00,,,0,0,,,,,
"Jul 21, 2026",,USD,自动-主,自动-主 组,紧密匹配,,non slip rugs,604,1,0.17%,$0.77,$0.77,$0.00,,,0,0,,,,,
"Jul 24, 2026",,USD,自动-主,自动-主 组,紧密匹配,,non slip rugs,420,1,0.24%,$0.77,$0.77,$0.00,,,0,0,,,,,
"Jul 26, 2026",,USD,自动-主,自动-主 组,紧密匹配,,non slip rugs,453,2,0.44%,$0.78,$1.55,$0.00,,,0,0,,,,,
"Jul 20, 2026",,USD,自动-主,自动-主 组,紧密匹配,,non slip shower curtains walk in tub textured basic,9,1,11.11%,$0.77,$0.77,$0.00,,,0,0,,,,,
"Jul 21, 2026",,USD,自动-主,自动-主 组,紧密匹配,,non slip quorras flexible,5,1,20.0%,$0.77,$0.77,$0.00,,,0,0,,,,,
"Jul 28, 2026",,USD,自动-主,自动-主 组,紧密匹配,,non slip suction cups strong runner rugs,2,2,100.0%,$0.78,$1.55,$0.00,,,0,0,,,,,
"Jul 22, 2026",,USD,自动-主,自动-主 组,紧密匹配,,non slip strong compact rugs,3,1,33.33%,$0.77,$0.77,$0.00,,,0,0,,,,,
"Jul 22, 2026",,USD,自动-主,自动-主 组,紧密匹配,,non slip bathtub runner rugs,111,1,0.9%,$0.77,$0.77,$0.00,,,0,0,,,,,
"Jul 29, 2026",,USD,自动-主,自动-主 组,紧密匹配,,non slip bathtub runner rugs,275,3,1.09%,$0.77,$2.30,$0.00,,,0,0,,,,,
"Aug 02, 2026",,USD,自动-主,自动-主 组,紧密匹配,,non slip bathtub runner rugs,136,1,0.74%,$0.79,$0.79,$0.00,,,0,0,,,,,
"Jul 14, 2026",,USD,自动-主,自动-主 组,紧密匹配,,non slip bathtub runner mat,25,1,4.0%,$0.77,$0.77,$0.00,,,0,0,,,,,
"Jul 07, 2026",,USD,自动-主,自动-主 组,紧密匹配,,non slip bathtub mat,111,1,0.9%,$0.98,$0.98,$0.00,,,0,0,,,,,
"Jul 08, 2026",,USD,自动-主,自动-主 组,紧密匹配,,non slip bathtub mat,207,3,1.45%,$0.98,$2.95,$0.00,,,0,0,,,,,
"Jul 10, 2026",,USD,自动-主,自动-主 组,紧密匹配,,non slip bathtub mat,265,2,0.75%,$1.14,$2.27,$0.00,,,0,0,,,,,
"Jul 12, 2026",,USD,自动-主,自动-主 组,紧密匹配,,non slip bathtub mat,175,3,1.71%,$1.16,$3.48,$35.20,,,1,1,,,,,
"Jul 17, 2026",,USD,自动-主,自动-主 组,紧密匹配,,non slip bathtub mat,142,5,3.52%,$0.77,$3.87,$0.00,,,0,0,,,,,
"Jul 18, 2026",,USD,自动-主,自动-主 组,紧密匹配,,non slip bathtub mat,227,1,0.44%,$0.77,$0.77,$0.00,,,0,0,,,,,
"Jul 20, 2026",,USD,自动-主,自动-主 组,紧密匹配,,non slip bathtub mat,277,4,1.44%,$0.78,$3.10,$70.39,,,2,2,,,,,
"Jul 24, 2026",,USD,自动-主,自动-主 组,紧密匹配,,non slip bathtub mat,203,1,0.49%,$0.77,$0.77,$0.00,,,0,0,,,,,
"Jul 25, 2026",,USD,自动-主,自动-主 组,紧密匹配,,non slip bathtub mat,92,1,1.09%,$0.77,$0.77,$0.00,,,0,0,,,,,
"Jul 26, 2026",,USD,自动-主,自动-主 组,紧密匹配,,non slip bathtub mat,169,1,0.59%,$0.77,$0.77,$0.00,,,0,0,,,,,
"Jul 27, 2026",,USD,自动-主,自动-主 组,紧密匹配,,non slip bathtub mat,92,1,1.09%,$0.77,$0.77,$24.11,,,1,1,,,,,
"Jul 29, 2026",,USD,自动-主,自动-主 组,紧密匹配,,non slip bathtub mat,91,3,3.3%,$1.16,$3.48,$0.00,,,0,0,,,,,
"Jul 10, 2026",,USD,自动-主,自动-主 组,紧密匹配,,non slip bathtub mat rugs,2,1,50.0%,$1.16,$1.16,$0.00,,,0,0,,,,,
"Jul 07, 2026",,USD,自动-主,自动-主 组,紧密匹配,,non slip bathtub mat machine washable,28,2,7.14%,$0.98,$1.97,$68.70,,,3,3,,,,,
"Jul 10, 2026",,USD,自动-主,自动-主 组,紧密匹配,,non slip bathtub mat machine washable,173,1,0.58%,$1.16,$1.16,$0.00,,,0,0,,,,,
"Jul 12, 2026",,USD,自动-主,自动-主 组,紧密匹配,,non slip bathtub mat machine washable,33,1,3.03%,$1.16,$1.16,$0.00,,,0,0,,,,,
"Jul 18, 2026",,USD,自动-主,自动-主 组,紧密匹配,,non slip bathtub mat machine washable,141,2,1.42%,$0.78,$1.55,$70.39,,,2,2,,,,,
"Jul 07, 2026",,USD,自动-主,自动-主 组,紧密匹配,,non slip bathtub mat with suction cups,5,1,20.0%,$0.98,$0.98,$0.00,,,0,0,,,,,
"Jul 22, 2026",,USD,自动-主,自动-主 组,紧密匹配,,non slip bathtub mat with suction cups,26,1,3.85%,$0.77,$0.77,$0.00,,,0,0,,,,,
"Jul 26, 2026",,USD,自动-主,自动-主 组,紧密匹配,,non slip bathtub mat with suction cups compact,32,1,3.12%,$0.77,$0.77,$0.00,,,0,0,,,,,
"Jul 15, 2026",,USD,自动-主,自动-主 组,紧密匹配,,non slip shower runner rugs,246,4,1.63%,$0.78,$3.10,$48.21,,,2,2,,,,,
"Jul 16, 2026",,USD,自动-主,自动-主 组,紧密匹配,,non slip shower runner rugs,331,1,0.3%,$0.77,$0.77,$35.20,,,1,1,,,,,
"Jul 17, 2026",,USD,自动-主,自动-主 组,紧密匹配,,non slip shower runner rugs,201,1,0.5%,$0.75,$0.75,$0.00,,,0,0,,,,,
"Jul 19, 2026",,USD,自动-主,自动-主 组,紧密匹配,,non slip shower runner rugs,140,1,0.71%,$0.77,$0.77,$0.00,,,0,0,,,,,
"Jul 20, 2026",,USD,自动-主,自动-主 组,紧密匹配,,non slip shower runner rugs,143,1,0.7%,$0.77,$0.77,$0.00,,,0,0,,,,,
"Jul 21, 2026",,USD,自动-主,自动-主 组,紧密匹配,,non slip shower runner rugs,223,1,0.45%,$0.77,$0.77,$0.00,,,0,0,,,,,
"Jul 22, 2026",,USD,自动-主,自动-主 组,紧密匹配,,non slip shower runner rugs,195,1,0.51%,$0.77,$0.77,$0.00,,,0,0,,,,,
"Jul 26, 2026",,USD,自动-主,自动-主 组,紧密匹配,,non slip shower runner rugs,273,1,0.37%,$0.77,$0.77,$0.00,,,0,0,,,,,
"Jul 29, 2026",,USD,自动-主,自动-主 组,紧密匹配,,non slip shower runner rugs,251,2,0.8%,$0.78,$1.55,$24.11,,,1,1,,,,,
"Aug 01, 2026",,USD,自动-主,自动-主 组,紧密匹配,,non slip shower runner rugs,93,1,1.08%,$0.82,$0.82,$24.11,,,1,1,,,,,
"Jul 09, 2026",,USD,自动-主,自动-主 组,紧密匹配,,non slip shower mat,93,1,1.08%,$1.16,$1.16,$0.00,,,0,0,,,,,
"Jul 20, 2026",,USD,自动-主,自动-主 组,紧密匹配,,non slip loofah mildew resistant mat,12,2,16.67%,$0.78,$1.55,$0.00,,,0,0,,,,,
"Jul 12, 2026",,USD,自动-主,自动-主 组,紧密匹配,,non slip loofah runner rugs,3,2,66.67%,$1.16,$2.32,$0.00,,,0,0,,,,,
"Jul 16, 2026",,USD,自动-主,自动-主 组,紧密匹配,,non slip loofah runner rugs,33,2,6.06%,$0.78,$1.55,$0.00,,,0,0,,,,,
"Jul 19, 2026",,USD,自动-主,自动-主 组,紧密匹配,,non slip loofah runner rugs,64,1,1.56%,$0.77,$0.77,$0.00,,,0,0,,,,,
"Jul 27, 2026",,USD,自动-主,自动-主 组,紧密匹配,,non slip loofah mat,50,1,2.0%,$0.72,$0.72,$0.00,,,0,0,,,,,
"Jul 29, 2026",,USD,自动-主,自动-主 组,紧密匹配,,non slip loofah mat,84,1,1.19%,$0.75,$0.75,$0.00,,,0,0,,,,,
"Jul 08, 2026",,USD,自动-主,自动-主 组,紧密匹配,,non slip travel strong mat,29,2,6.9%,$0.51,$1.02,$0.00,,,0,0,,,,,
"Jul 11, 2026",,USD,自动-主,自动-主 组,紧密匹配,,non slip travel strong mat,48,1,2.08%,$0.95,$0.95,$0.00,,,0,0,,,,,
"Jul 15, 2026",,USD,自动-主,自动-主 组,紧密匹配,,non slip travel strong mat,74,2,2.7%,$0.78,$1.55,$0.00,,,0,0,,,,,
"Jul 17, 2026",,USD,自动-主,自动-主 组,紧密匹配,,non slip travel strong mat,84,1,1.19%,$0.77,$0.77,$0.00,,,0,0,,,,,
"Jul 20, 2026",,USD,自动-主,自动-主 组,紧密匹配,,non slip travel strong mat,102,2,1.96%,$0.78,$1.55,$0.00,,,0,0,,,,,
"Jul 12, 2026",,USD,自动-主,自动-主 组,紧密匹配,,non slip quick drying bathtub mat,10,1,10.0%,$1.16,$1.16,$0.00,,,0,0,,,,,
"Jul 28, 2026",,USD,自动-主,自动-主 组,紧密匹配,,non slip mat,6,1,16.67%,$0.77,$0.77,$0.00,,,0,0,,,,,
"Jul 31, 2026",,USD,自动-主,自动-主 组,紧密匹配,,non slip mat,114,1,0.88%,$0.82,$0.82,$70.39,,,2,2,,,,,
"Aug 02, 2026",,USD,自动-主,自动-主 组,紧密匹配,,non slip mat,170,1,0.59%,$0.82,$0.82,$0.00,,,0,0,,,,,
"Jul 16, 2026",,USD,自动-主,自动-主 组,紧密匹配,,non slip mat rugs,22,2,9.09%,$0.76,$1.53,$0.00,,,0,0,,,,,
"Jul 25, 2026",,USD,自动-主,自动-主 组,紧密匹配,,non slip mat rugs,60,2,3.33%,$0.78,$1.55,$0.00,,,0,0,,,,,
"Aug 01, 2026",,USD,自动-主,自动-主 组,紧密匹配,,non slip mat rugs,133,1,0.75%,$0.82,$0.82,$0.00,,,0,0,,,,,
"Jul 10, 2026",,USD,自动-主,自动-主 组,紧密匹配,,non slip mat for bathtub machine washable,21,2,9.52%,$1.12,$2.23,$0.00,,,0,0,,,,,
"Jul 14, 2026",,USD,自动-主,自动-主 组,紧密匹配,,non slip mat for showers,37,2,5.41%,$0.78,$1.55,$0.00,,,0,0,,,,,
"Jul 17, 2026",,USD,自动-主,自动-主 组,紧密匹配,,non slip mat for showers,132,1,0.76%,$0.77,$0.77,$0.00,,,0,0,,,,,
"Jul 19, 2026",,USD,自动-主,自动-主 组,紧密匹配,,non slip mat for showers,153,1,0.65%,$0.77,$0.77,$0.00,,,0,0,,,,,
"Jul 20, 2026",,USD,自动-主,自动-主 组,紧密匹配,,non slip mat for showers,150,3,2.0%,$0.77,$2.32,$48.21,,,2,2,,,,,
"Jul 23, 2026",,USD,自动-主,自动-主 组,紧密匹配,,non slip mat for showers,98,1,1.02%,$0.77,$0.77,$0.00,,,0,0,,,,,
"Jul 26, 2026",,USD,自动-主,自动-主 组,紧密匹配,,non slip mat for showers,49,1,2.04%,$0.77,$0.77,$0.00,,,0,0,,,,,
"Jul 10, 2026",,USD,自动-主,自动-主 组,紧密匹配,,non slip mat bathtub machine washable,7,1,14.29%,$1.16,$1.16,$0.00,,,0,0,,,,,
"Jul 10, 2026",,USD,自动-主,自动-主 组,紧密匹配,,non slip mat shower,8,1,12.5%,$1.16,$1.16,$48.21,,,2,2,,,,,
"Aug 01, 2026",,USD,自动-主,自动-主 组,紧密匹配,,non slip mat with suction cups,3,1,33.33%,$0.56,$0.56,$0.00,,,0,0,,,,,
"Jul 19, 2026",,USD,自动-主,自动-主 组,紧密匹配,,non slip mat with corner compact,2,2,100.0%,$0.78,$1.55,$0.00,,,0,0,,,,,
"Jul 31, 2026",,USD,自动-主,自动-主 组,紧密匹配,,non slip machine washable bathtub runner rugs,18,1,5.56%,$1.23,$1.23,$0.00,,,0,0,,,,,
"Aug 01, 2026",,USD,自动-主,自动-主 组,紧密匹配,,eco all day comfort runner rugs,4,2,50.0%,$0.96,$1.93,$0.00,,,0,0,,,,,
"Aug 01, 2026",,USD,自动-主,自动-主 组,紧密匹配,,kovera all day bathtub comfort runner rugs,6,1,16.67%,$1.23,$1.23,$0.00,,,0,0,,,,,
"Jul 16, 2026",,USD,自动-主,自动-主 组,紧密匹配,,kovera all day comfort runner rugs,5,1,20.0%,$0.77,$0.77,$0.00,,,0,0,,,,,
"Jul 18, 2026",,USD,自动-主,自动-主 组,紧密匹配,,kovera all day comfort runner rugs,4,3,75.0%,$0.77,$2.32,$0.00,,,0,0,,,,,
"Jul 24, 2026",,USD,自动-主,自动-主 组,紧密匹配,,kovera all day comfort runner rugs,4,1,25.0%,$0.77,$0.77,$48.21,,,2,2,,,,,
"Jul 25, 2026",,USD,自动-主,自动-主 组,紧密匹配,,kovera all day comfort runner rugs,4,1,25.0%,$0.77,$0.77,$48.21,,,2,2,,,,,
"Jul 27, 2026",,USD,自动-主,自动-主 组,紧密匹配,,kovera all day comfort runner rugs,6,1,16.67%,$0.77,$0.77,$0.00,,,0,0,,,,,
"Jul 28, 2026",,USD,自动-主,自动-主 组,紧密匹配,,kovera all day comfort runner rugs,25,1,4.0%,$0.77,$0.77,$0.00,,,0,0,,,,,
"Jul 29, 2026",,USD,自动-主,自动-主 组,紧密匹配,,kovera all day comfort runner rugs,62,6,9.68%,$1.04,$6.22,$72.32,,,3,3,,,,,
"Jul 30, 2026",,USD,自动-主,自动-主 组,紧密匹配,,kovera all day comfort runner rugs,32,4,12.5%,$1.23,$4.91,$0.00,,,0,0,,,,,
"Jul 31, 2026",,USD,自动-主,自动-主 组,紧密匹配,,kovera all day comfort runner rugs,50,4,8.0%,$1.16,$4.63,$0.00,,,0,0,,,,,
"Aug 01, 2026",,USD,自动-主,自动-主 组,紧密匹配,,kovera all day comfort runner rugs,80,3,3.75%,$1.20,$3.61,$0.00,,,0,0,,,,,
"Aug 02, 2026",,USD,自动-主,自动-主 组,紧密匹配,,kovera all day comfort runner rugs,38,4,10.53%,$1.22,$4.89,$0.00,,,0,0,,,,,
"Jul 30, 2026",,USD,自动-主,自动-主 组,紧密匹配,,kovera all day comfort runner rugs gray,1,1,100.0%,$1.23,$1.23,$0.00,,,0,0,,,,,
"Jul 14, 2026",,USD,自动-主,自动-主 组,紧密匹配,,kovera mat,6,2,33.33%,$0.78,$1.55,$0.00,,,0,0,,,,,
"Jul 25, 2026",,USD,自动-主,自动-主 组,紧密匹配,,kovera mat,32,1,3.12%,$0.77,$0.77,$0.00,,,0,0,,,,,
"Jul 26, 2026",,USD,自动-主,自动-主 组,紧密匹配,,kovera mat,3,1,33.33%,$0.77,$0.77,$0.00,,,0,0,,,,,
"Jul 27, 2026",,USD,自动-主,自动-主 组,紧密匹配,,kovera mat,4,1,25.0%,$0.77,$0.77,$0.00,,,0,0,,,,,
"Jul 29, 2026",,USD,自动-主,自动-主 组,紧密匹配,,kovera mat,70,11,15.71%,$1.06,$11.69,$0.00,,,0,0,,,,,
"Jul 30, 2026",,USD,自动-主,自动-主 组,紧密匹配,,kovera mat,4,1,25.0%,$1.23,$1.23,$0.00,,,0,0,,,,,
"Jul 14, 2026",,USD,自动-主,自动-主 组,紧密匹配,,loofah runner rugs non slip,24,1,4.17%,$0.77,$0.77,$0.00,,,0,0,,,,,
"Jul 18, 2026",,USD,自动-主,自动-主 组,紧密匹配,,loofah runner rugs non slip,58,1,1.72%,$0.77,$0.77,$0.00,,,0,0,,,,,
"Jul 26, 2026",,USD,自动-主,自动-主 组,紧密匹配,,loofah runners,6,1,16.67%,$0.77,$0.77,$0.00,,,0,0,,,,,
"Aug 01, 2026",,USD,自动-主,自动-主 组,紧密匹配,,loofah anti slip mat,3,1,33.33%,$1.00,$1.00,$0.00,,,0,0,,,,,
"Aug 02, 2026",,USD,自动-主,自动-主 组,紧密匹配,,loofah anti slip mat,8,1,12.5%,$1.12,$1.12,$0.00,,,0,0,,,,,
"Jul 22, 2026",,USD,自动-主,自动-主 组,紧密匹配,,loofah non slip mat with suction cups,1,1,100.0%,$0.77,$0.77,$0.00,,,0,0,,,,,
"Jul 23, 2026",,USD,自动-主,自动-主 组,紧密匹配,,loofah anti slip mat gray,3,2,66.67%,$0.78,$1.55,$0.00,,,0,0,,,,,
"Jul 26, 2026",,USD,自动-主,自动-主 组,紧密匹配,,loofah mat,15,2,13.33%,$0.78,$1.55,$0.00,,,0,0,,,,,
"Jul 23, 2026",,USD,自动-主,自动-主 组,紧密匹配,,loofah mat anti slip,51,1,1.96%,$0.77,$0.77,$0.00,,,0,0,,,,,
"Jul 25, 2026",,USD,自动-主,自动-主 组,紧密匹配,,loofah mat anti slip,59,1,1.69%,$0.75,$0.75,$0.00,,,0,0,,,,,
"Jul 26, 2026",,USD,自动-主,自动-主 组,紧密匹配,,loofah mat anti slip,70,1,1.43%,$0.76,$0.76,$0.00,,,0,0,,,,,
"Jul 28, 2026",,USD,自动-主,自动-主 组,紧密匹配,,loofah mat anti slip,45,3,6.67%,$0.77,$2.32,$0.00,,,0,0,,,,,
"Jul 31, 2026",,USD,自动-主,自动-主 组,紧密匹配,,loofah mat anti slip,9,1,11.11%,$0.82,$0.82,$0.00,,,0,0,,,,,
"Aug 01, 2026",,USD,自动-主,自动-主 组,紧密匹配,,portable mat anti slip apartment comfort,2,1,50.0%,$1.23,$1.23,$0.00,,,0,0,,,,,
"Aug 02, 2026",,USD,自动-主,自动-主 组,紧密匹配,,zentab,4,1,25.0%,$1.23,$1.23,$0.00,,,0,0,,,,,
"Aug 02, 2026",,USD,自动-主,自动-主 组,紧密匹配,,zentab shower stall mat non slip,2,1,50.0%,$1.23,$1.23,$0.00,,,0,0,,,,,
"Jul 26, 2026",,USD,自动-主,自动-主 组,紧密匹配,,zentab nonslip runner rugs bathtub,4,2,50.0%,$0.78,$1.55,$0.00,,,0,0,,,,,
"Jul 21, 2026",,USD,自动-主,自动-主 组,紧密匹配,,travel runners for comfort,1,1,100.0%,$0.77,$0.77,$0.00,,,0,0,,,,,
"Aug 02, 2026",,USD,自动-主,自动-主 组,紧密匹配,,travel suction cups runner rugs non slip,2,1,50.0%,$0.82,$0.82,$0.00,,,0,0,,,,,
"Jul 30, 2026",,USD,自动-主,自动-主 组,紧密匹配,,travel strong mildew resistant pvc free runners,4,1,25.0%,$0.82,$0.82,$0.00,,,0,0,,,,,
"Jul 16, 2026",,USD,自动-主,自动-主 组,紧密匹配,,travel strong non slip mat,10,1,10.0%,$0.77,$0.77,$0.00,,,0,0,,,,,
"Jul 19, 2026",,USD,自动-主,自动-主 组,紧密匹配,,travel strong non slip mat,15,1,6.67%,$0.77,$0.77,$0.00,,,0,0,,,,,
"Jul 27, 2026",,USD,自动-主,自动-主 组,紧密匹配,,classic mat for kitchen,58,2,3.45%,$0.78,$1.55,$0.00,,,0,0,,,,,
"Jul 23, 2026",,USD,自动-主,自动-主 组,紧密匹配,,quick drying bathtub runner rugs,3,1,33.33%,$0.77,$0.77,$0.00,,,0,0,,,,,
"Jul 29, 2026",,USD,自动-主,自动-主 组,紧密匹配,,quick drying mat for bathtub,3,1,33.33%,$0.77,$0.77,$0.00,,,0,0,,,,,
"Jul 14, 2026",,USD,自动-主,自动-主 组,紧密匹配,,pellura shower runners,12,2,16.67%,$0.78,$1.55,$0.00,,,0,0,,,,,
"Jul 15, 2026",,USD,自动-主,自动-主 组,紧密匹配,,pellura shower runners,3,1,33.33%,$0.77,$0.77,$0.00,,,0,0,,,,,
"Jul 16, 2026",,USD,自动-主,自动-主 组,紧密匹配,,pellura shower runners,9,1,11.11%,$0.77,$0.77,$0.00,,,0,0,,,,,
"Jul 19, 2026",,USD,自动-主,自动-主 组,紧密匹配,,pellura shower runners,12,2,16.67%,$0.78,$1.55,$0.00,,,0,0,,,,,
"Jul 29, 2026",,USD,自动-主,自动-主 组,紧密匹配,,pellura shower runners,7,1,14.29%,$0.88,$0.88,$0.00,,,0,0,,,,,
"Aug 01, 2026",,USD,自动-主,自动-主 组,紧密匹配,,slim minimalist mat non slip,12,1,8.33%,$0.82,$0.82,$0.00,,,0,0,,,,,
"Jul 25, 2026",,USD,自动-主,自动-主 组,紧密匹配,,apartment runners shower stall non slip,3,2,66.67%,$0.78,$1.55,$0.00,,,0,0,,,,,
"Jul 17, 2026",,USD,自动-主,自动-主 组,紧密匹配,,hotel shower runners,4,1,25.0%,$0.68,$0.68,$0.00,,,0,0,,,,,
"Jul 31, 2026",,USD,自动-主,自动-主 组,紧密匹配,,fairman non slip shower stall mat,13,1,7.69%,$1.23,$1.23,$0.00,,,0,0,,,,,
"Jul 15, 2026",,USD,自动-主,自动-主 组,紧密匹配,,classic mat non slip,11,1,9.09%,$0.77,$0.77,$0.00,,,0,0,,,,,
"Jul 16, 2026",,USD,自动-主,自动-主 组,紧密匹配,,classic mat non slip,34,2,5.88%,$0.78,$1.55,$0.00,,,0,0,,,,,
"Jul 19, 2026",,USD,自动-主,自动-主 组,紧密匹配,,mat,10,2,20.0%,$0.78,$1.55,$0.00,,,0,0,,,,,
"Jul 21, 2026",,USD,自动-主,自动-主 组,紧密匹配,,mat,9,1,11.11%,$0.77,$0.77,$0.00,,,0,0,,,,,
"Aug 02, 2026",,USD,自动-主,自动-主 组,紧密匹配,,mat non slip,15,1,6.67%,$0.82,$0.82,$0.00,,,0,0,,,,,
"Jul 09, 2026",,USD,自动-主,自动-主 组,紧密匹配,,mat bathtub,69,2,2.9%,$0.76,$1.52,$0.00,,,0,0,,,,,
"Jul 12, 2026",,USD,自动-主,自动-主 组,紧密匹配,,mat bathtub anti slip,90,4,4.44%,$1.16,$4.64,$0.00,,,0,0,,,,,
"Jul 16, 2026",,USD,自动-主,自动-主 组,紧密匹配,,mat comfort strong and corner,2,1,50.0%,$0.77,$0.77,$48.21,,,2,2,,,,,
"Jul 20, 2026",,USD,自动-主,自动-主 组,紧密匹配,,bath towels non slip,134,1,0.75%,$0.77,$0.77,$0.00,,,0,0,,,,,
"Jul 21, 2026",,USD,自动-主,自动-主 组,紧密匹配,,bath towels non slip,86,2,2.33%,$0.78,$1.55,$0.00,,,0,0,,,,,
"Jul 25, 2026",,USD,自动-主,自动-主 组,紧密匹配,,bath towels non slip,148,1,0.68%,$0.77,$0.77,$0.00,,,0,0,,,,,
"Jul 27, 2026",,USD,自动-主,自动-主 组,紧密匹配,,bath towels non slip,81,1,1.23%,$0.77,$0.77,$0.00,,,0,0,,,,,
"Jul 29, 2026",,USD,自动-主,自动-主 组,紧密匹配,,bath towels non slip,103,1,0.97%,$0.77,$0.77,$0.00,,,0,0,,,,,
"Jul 20, 2026",,USD,自动-主,自动-主 组,紧密匹配,,bath towels non slip classic resistant,36,1,2.78%,$0.77,$0.77,$0.00,,,0,0,,,,,
"Jul 20, 2026",,USD,自动-主,自动-主 组,紧密匹配,,tub floor nordic non slip,4,1,25.0%,$0.69,$0.69,$0.00,,,0,0,,,,,
"Jul 19, 2026",,USD,自动-主,自动-主 组,紧密匹配,,tub floor basic modern non slip,29,1,3.45%,$0.77,$0.77,$0.00,,,0,0,,,,,
"Jul 22, 2026",,USD,自动-主,自动-主 组,紧密匹配,,tub floor basic modern non slip,15,2,13.33%,$0.78,$1.55,$0.00,,,0,0,,,,,
"Jul 18, 2026",,USD,自动-主,自动-主 组,紧密匹配,,pvc free runner rugs,23,2,8.7%,$0.78,$1.55,$0.00,,,0,0,,,,,
"Jul 28, 2026",,USD,自动-主,自动-主 组,紧密匹配,,pvc free anti slip mat,12,2,16.67%,$0.78,$1.55,$0.00,,,0,0,,,,,
"Jul 20, 2026",,USD,自动-主,自动-主 组,紧密匹配,,machine washable bathtub runner rugs non slip,135,2,1.48%,$0.76,$1.53,$24.11,,,1,1,,,,,
"Jul 21, 2026",,USD,自动-主,自动-主 组,紧密匹配,,machine washable bathtub runner rugs non slip,183,2,1.09%,$0.78,$1.55,$48.21,,,2,2,,,,,
"Jul 25, 2026",,USD,自动-主,自动-主 组,紧密匹配,,machine washable bathtub runner rugs non slip,242,2,0.83%,$0.78,$1.55,$0.00,,,0,0,,,,,
"Jul 29, 2026",,USD,自动-主,自动-主 组,紧密匹配,,machine washable bathtub runner rugs non slip,326,1,0.31%,$0.77,$0.77,$0.00,,,0,0,,,,,
"Jul 30, 2026",,USD,自动-主,自动-主 组,紧密匹配,,machine washable bathtub runner rugs non slip,258,2,0.78%,$0.82,$1.64,$0.00,,,0,0,,,,,
"Aug 02, 2026",,USD,自动-主,自动-主 组,紧密匹配,,machine washable bathtub runner rugs anti slip,2,1,50.0%,$1.23,$1.23,$0.00,,,0,0,,,,,
"Jul 18, 2026",,USD,自动-主,自动-主 组,紧密匹配,,machine washable bathtub mat,26,1,3.85%,$0.77,$0.77,$24.11,,,1,1,,,,,
"Jul 15, 2026",,USD,自动-主,自动-主 组,紧密匹配,,machine washable bathtub mat quick drying,12,2,16.67%,$0.78,$1.55,$0.00,,,0,0,,,,,
"Aug 02, 2026",,USD,自动-主,自动-主 组,紧密匹配,,machine washable anti slip,2,2,100.0%,$1.23,$2.46,$0.00,,,0,0,,,,,
"Jul 12, 2026",,USD,自动-主,自动-主 组,紧密匹配,,machine washable nonslip bathtub mat,4,2,50.0%,$1.16,$2.32,$0.00,,,0,0,,,,,
"Jul 22, 2026",,USD,自动-主,自动-主 组,紧密匹配,,hotel bath towel non slip,12,1,8.33%,$0.77,$0.77,$0.00,,,0,0,,,,,
"Jul 18, 2026",,USD,自动-主,自动-主 组,紧密匹配,,lastever non slip bathtub mat machine washable,32,1,3.12%,$0.77,$0.77,$0.00,,,0,0,,,,,
"Jul 22, 2026",,USD,自动-主,自动-主 组,紧密匹配,,lastever non slip bathtub mat machine washable,37,2,5.41%,$0.78,$1.55,$0.00,,,0,0,,,,,
"Jul 26, 2026",,USD,自动-主,自动-主 组,紧密匹配,,lastever non slip bathtub mat machine washable,0,0,0.0%,$0.00,$0.00,$0.00,,,0,0,,,,,
"Jul 21, 2026",,USD,自动-主,自动-主 组,紧密匹配,,kitchens bathtub mat machine washable,90,1,1.11%,$0.77,$0.77,$0.00,,,0,0,,,,,
"Jul 28, 2026",,USD,自动-主,自动-主 组,紧密匹配,,kitchens bathtub mat machine washable,38,3,7.89%,$0.77,$2.32,$0.00,,,0,0,,,,,
"Jul 21, 2026",,USD,自动-主,自动-主 组,紧密匹配,,kitchens bathtub machine washable mat,14,1,7.14%,$0.77,$0.77,$0.00,,,0,0,,,,,
"Jul 13, 2026",,USD,ASIN定位-1,ASIN定位-1 组,b0demo0003,,b0demo0003,18,2,11.11%,$0.78,$1.55,$0.00,,,0,0,,,,,
"Aug 02, 2026",,USD,ASIN定位-1,ASIN定位-1 组,b0demo0003,,comfitra,6,1,16.67%,$0.73,$0.73,$0.00,,,0,0,,,,,
"Jul 24, 2026",,USD,ASIN定位-1,ASIN定位-1 组,b0demo0003,,drem mo non slip,2,1,50.0%,$0.77,$0.77,$0.00,,,0,0,,,,,
"Jul 29, 2026",,USD,ASIN定位-1,ASIN定位-1 组,b0demo0003,,dremo mat non slip,2,1,50.0%,$0.77,$0.77,$0.00,,,0,0,,,,,
"Jul 13, 2026",,USD,ASIN定位-1,ASIN定位-1 组,b0demo0003,,kovera rugs,1,1,100.0%,$0.77,$0.77,$0.00,,,0,0,,,,,
"Aug 01, 2026",,USD,ASIN定位-1,ASIN定位-1 组,b0demo0003,,kovera mat,42,3,7.14%,$0.77,$2.32,$0.00,,,0,0,,,,,
"Jul 20, 2026",,USD,ASIN定位-1,ASIN定位-1 组,b0demo0003,,zentab,3,1,33.33%,$0.77,$0.77,$0.00,,,0,0,,,,,
"Jul 23, 2026",,USD,ASIN定位-1,ASIN定位-1 组,b0demo0003,,pellura shower runners,8,1,12.5%,$0.77,$0.77,$0.00,,,0,0,,,,,
"Jul 12, 2026",,USD,ASIN定位-1,ASIN定位-1 组,b0demo0003,,classic gift mat non slip,1,1,100.0%,$0.77,$0.77,$48.21,,,2,2,,,,,
"Aug 02, 2026",,USD,自动-低价,自动-低价 组,同类产品,,b0demo0058,2,2,100.0%,$0.46,$0.92,$0.00,,,0,0,,,,,
"Jul 21, 2026",,USD,自动-低价,自动-低价 组,同类产品,,b0demo0044,3,2,66.67%,$0.46,$0.92,$0.00,,,0,0,,,,,
"Jul 28, 2026",,USD,自动-低价,自动-低价 组,同类产品,,b0demo0036,24,1,4.17%,$0.46,$0.46,$0.00,,,0,0,,,,,
"Jul 16, 2026",,USD,自动-低价,自动-低价 组,同类产品,,b0demo0039,2,2,100.0%,$0.46,$0.92,$0.00,,,0,0,,,,,
"Jul 27, 2026",,USD,自动-低价,自动-低价 组,同类产品,,b0demo0032,99,1,1.01%,$0.46,$0.46,$0.00,,,0,0,,,,,
"Jul 31, 2026",,USD,自动-低价,自动-低价 组,同类产品,,b0demo0032,318,1,0.31%,$0.25,$0.25,$0.00,,,0,0,,,,,
"Jul 23, 2026",,USD,自动-低价,自动-低价 组,同类产品,,b0demo0113,2,2,100.0%,$0.46,$0.92,$0.00,,,0,0,,,,,
"Jul 18, 2026",,USD,自动-低价,自动-低价 组,同类产品,,b0demo0110,2,1,50.0%,$0.46,$0.46,$0.00,,,0,0,,,,,
"Jul 27, 2026",,USD,自动-低价,自动-低价 组,同类产品,,b0demo0028,160,3,1.88%,$0.40,$1.21,$0.00,,,0,0,,,,,
"Jul 19, 2026",,USD,自动-低价,自动-低价 组,同类产品,,b0demo0106,1,1,100.0%,$0.46,$0.46,$0.00,,,0,0,,,,,
"Jul 31, 2026",,USD,自动-低价,自动-低价 组,同类产品,,b0demo0120,1,1,100.0%,$0.46,$0.46,$0.00,,,0,0,,,,,
"Jul 30, 2026",,USD,自动-低价,自动-低价 组,同类产品,,b0demo0131,4,2,50.0%,$0.46,$0.92,$0.00,,,0,0,,,,,
"Jul 27, 2026",,USD,自动-低价,自动-低价 组,同类产品,,b0demo0105,2,2,100.0%,$0.46,$0.92,$0.00,,,0,0,,,,,
"Jul 23, 2026",,USD,自动-低价,自动-低价 组,同类产品,,b0demo0075,2,2,100.0%,$0.46,$0.92,$0.00,,,0,0,,,,,
"Jul 19, 2026",,USD,自动-低价,自动-低价 组,同类产品,,b0demo0081,2,2,100.0%,$0.46,$0.92,$0.00,,,0,0,,,,,
"Jul 17, 2026",,USD,自动-低价,自动-低价 组,同类产品,,b0demo0139,2,2,100.0%,$0.34,$0.69,$0.00,,,0,0,,,,,
"Jul 17, 2026",,USD,自动-低价,自动-低价 组,同类产品,,b0demo0077,1,1,100.0%,$0.46,$0.46,$0.00,,,0,0,,,,,
"Jul 19, 2026",,USD,自动-低价,自动-低价 组,同类产品,,b0demo0074,3,1,33.33%,$0.46,$0.46,$24.11,,,1,1,,,,,
"Jul 26, 2026",,USD,自动-低价,自动-低价 组,同类产品,,b0demo0066,13,1,7.69%,$0.46,$0.46,$0.00,,,0,0,,,,,
"Jul 28, 2026",,USD,自动-低价,自动-低价 组,同类产品,,b0demo0072,7,1,14.29%,$0.46,$0.46,$0.00,,,0,0,,,,,
"Jul 29, 2026",,USD,自动-低价,自动-低价 组,同类产品,,b0demo0070,6,1,16.67%,$0.46,$0.46,$0.00,,,0,0,,,,,
"Jul 22, 2026",,USD,自动-低价,自动-低价 组,同类产品,,b0demo0069,3,1,33.33%,$0.46,$0.46,$0.00,,,0,0,,,,,
"Jul 22, 2026",,USD,自动-低价,自动-低价 组,同类产品,,b0demo0003,4,1,25.0%,$0.61,$0.61,$0.00,,,0,0,,,,,
"Jul 31, 2026",,USD,自动-低价,自动-低价 组,同类产品,,b0demo0100,10,1,10.0%,$0.46,$0.46,$0.00,,,0,0,,,,,
"Jul 22, 2026",,USD,自动-低价,自动-低价 组,同类产品,,b0demo0096,1,1,100.0%,$0.46,$0.46,$0.00,,,0,0,,,,,
"Jul 27, 2026",,USD,自动-低价,自动-低价 组,同类产品,,b0demo0095,6,1,16.67%,$0.46,$0.46,$0.00,,,0,0,,,,,
"Jul 20, 2026",,USD,自动-低价,自动-低价 组,同类产品,,b0demo0138,2,2,100.0%,$0.36,$0.71,$0.00,,,0,0,,,,,
"Jul 30, 2026",,USD,自动-低价,自动-低价 组,同类产品,,b0demo0137,148,1,0.68%,$0.38,$0.38,$0.00,,,0,0,,,,,
"Jul 25, 2026",,USD,自动-低价,自动-低价 组,同类产品,,b0demo0091,1,1,100.0%,$0.46,$0.46,$24.11,,,1,1,,,,,
"Jul 19, 2026",,USD,自动-低价,自动-低价 组,同类产品,,b0demo0045,2,1,50.0%,$0.46,$0.46,$0.00,,,0,0,,,,,
"Jul 30, 2026",,USD,自动-低价,自动-低价 组,同类产品,,b0demo0114,4,1,25.0%,$0.46,$0.46,$24.11,,,1,1,,,,,
"Jul 18, 2026",,USD,自动-低价,自动-低价 组,同类产品,,b0demo0086,2,2,100.0%,$0.46,$0.92,$0.00,,,0,0,,,,,
"Aug 01, 2026",,USD,自动-低价,自动-低价 组,同类产品,,b0demo0142,3,1,33.33%,$0.22,$0.22,$0.00,,,0,0,,,,,
"Jul 20, 2026",,USD,自动-低价,自动-低价 组,同类产品,,b0demo0024,5,3,60.0%,$0.46,$1.38,$0.00,,,0,0,,,,,
"Jul 18, 2026",,USD,自动-低价,自动-低价 组,同类产品,,b0demo0099,4,1,25.0%,$0.46,$0.46,$0.00,,,0,0,,,,,
"Jul 29, 2026",,USD,自动-低价,自动-低价 组,同类产品,,b0demo0085,4,1,25.0%,$0.46,$0.46,$0.00,,,0,0,,,,,
"Jul 19, 2026",,USD,自动-低价,自动-低价 组,同类产品,,b0demo0084,4,1,25.0%,$0.46,$0.46,$0.00,,,0,0,,,,,
"Jul 30, 2026",,USD,自动-低价,自动-低价 组,同类产品,,b0demo0082,2,1,50.0%,$0.46,$0.46,$0.00,,,0,0,,,,,
"Jul 29, 2026",,USD,自动-低价,自动-低价 组,同类产品,,b0demo0067,2,2,100.0%,$0.46,$0.92,$0.00,,,0,0,,,,,
"Jul 15, 2026",,USD,自动-低价,自动-低价 组,同类产品,,b0demo0068,3,1,33.33%,$0.46,$0.46,$0.00,,,0,0,,,,,
"Aug 01, 2026",,USD,自动-低价,自动-低价 组,同类产品,,b0demo0019,7,1,14.29%,$0.28,$0.28,$0.00,,,0,0,,,,,
"Aug 02, 2026",,USD,自动-低价,自动-低价 组,同类产品,,b0demo0079,1,1,100.0%,$0.46,$0.46,$0.00,,,0,0,,,,,
"Jul 26, 2026",,USD,自动-低价,自动-低价 组,同类产品,,b0demo0103,1,1,100.0%,$0.46,$0.46,$0.00,,,0,0,,,,,
"Jul 20, 2026",,USD,自动-低价,自动-低价 组,同类产品,,b0demo0015,3,2,66.67%,$0.46,$0.92,$0.00,,,0,0,,,,,
"Jul 21, 2026",,USD,自动-低价,自动-低价 组,同类产品,,b0demo0015,2,1,50.0%,$0.46,$0.46,$0.00,,,0,0,,,,,
"Jul 22, 2026",,USD,自动-低价,自动-低价 组,同类产品,,b0demo0129,1,1,100.0%,$0.46,$0.46,$24.11,,,1,1,,,,,
"Jul 23, 2026",,USD,自动-低价,自动-低价 组,同类产品,,b0demo0130,2,1,50.0%,$0.46,$0.46,$0.00,,,0,0,,,,,
"Jul 24, 2026",,USD,自动-低价,自动-低价 组,同类产品,,b0demo0014,3,3,100.0%,$0.46,$1.38,$0.00,,,0,0,,,,,
"Jul 24, 2026",,USD,自动-低价,自动-低价 组,同类产品,,b0demo0134,1,1,100.0%,$0.42,$0.42,$0.00,,,0,0,,,,,
"Jul 27, 2026",,USD,自动-低价,自动-低价 组,同类产品,,b0demo0118,9,1,11.11%,$0.46,$0.46,$0.00,,,0,0,,,,,
"Jul 31, 2026",,USD,自动-低价,自动-低价 组,同类产品,,b0demo0108,10,2,20.0%,$0.46,$0.92,$0.00,,,0,0,,,,,
"Jul 20, 2026",,USD,自动-低价,自动-低价 组,同类产品,,b0demo0143,2,1,50.0%,$0.18,$0.18,$21.69,,,1,1,,,,,
"Jul 31, 2026",,USD,自动-低价,自动-低价 组,同类产品,,b0demo0136,4,1,25.0%,$0.40,$0.40,$48.21,,,2,2,,,,,
"Jul 20, 2026",,USD,自动-低价,自动-低价 组,同类产品,,b0demo0132,1,1,100.0%,$0.45,$0.45,$0.00,,,0,0,,,,,
"Aug 02, 2026",,USD,自动-低价,自动-低价 组,同类产品,,b0demo0034,3,1,33.33%,$0.61,$0.61,$0.00,,,0,0,,,,,
"Jul 31, 2026",,USD,自动-低价,自动-低价 组,同类产品,,b0demo0140,11,1,9.09%,$0.33,$0.33,$0.00,,,0,0,,,,,
"Jul 20, 2026",,USD,自动-低价,自动-低价 组,同类产品,,b0demo0116,6,1,16.67%,$0.46,$0.46,$0.00,,,0,0,,,,,
"Jul 16, 2026",,USD,自动-低价,自动-低价 组,同类产品,,b0demo0065,5,1,20.0%,$0.46,$0.46,$24.11,,,1,1,,,,,
"Jul 29, 2026",,USD,自动-低价,自动-低价 组,同类产品,,b0demo0033,4,1,25.0%,$0.61,$0.61,$24.11,,,1,1,,,,,
"Jul 27, 2026",,USD,自动-低价,自动-低价 组,同类产品,,b0demo0038,4,1,25.0%,$0.46,$0.46,$0.00,,,0,0,,,,,
"Jul 20, 2026",,USD,自动-低价,自动-低价 组,同类产品,,b0demo0041,8,1,12.5%,$0.46,$0.46,$0.00,,,0,0,,,,,
"Jul 31, 2026",,USD,自动-低价,自动-低价 组,同类产品,,b0demo0040,7,2,28.57%,$0.46,$0.92,$0.00,,,0,0,,,,,
"Jul 24, 2026",,USD,自动-低价,自动-低价 组,同类产品,,b0demo0062,16,2,12.5%,$0.46,$0.92,$0.00,,,0,0,,,,,
"Jul 26, 2026",,USD,自动-低价,自动-低价 组,同类产品,,b0demo0061,8,1,12.5%,$0.46,$0.46,$0.00,,,0,0,,,,,
"Jul 21, 2026",,USD,自动-低价,自动-低价 组,同类产品,,b0demo0141,4,1,25.0%,$0.29,$0.29,$0.00,,,0,0,,,,,
"Jul 20, 2026",,USD,自动-低价,自动-低价 组,同类产品,,b0demo0010,8,1,12.5%,$0.46,$0.46,$0.00,,,0,0,,,,,
"Aug 02, 2026",,USD,自动-低价,自动-低价 组,同类产品,,b0demo0010,12,1,8.33%,$0.46,$0.46,$0.00,,,0,0,,,,,
"Aug 02, 2026",,USD,自动-低价,自动-低价 组,同类产品,,b0demo0135,18,1,5.56%,$0.41,$0.41,$0.00,,,0,0,,,,,
"Jul 28, 2026",,USD,自动-低价,自动-低价 组,同类产品,,b0demo0035,4,2,50.0%,$0.58,$1.16,$0.00,,,0,0,,,,,
"Jul 27, 2026",,USD,自动-低价,自动-低价 组,同类产品,,b0demo0031,57,2,3.51%,$0.46,$0.92,$24.11,,,1,1,,,,,
"Aug 02, 2026",,USD,自动-低价,自动-低价 组,同类产品,,b0demo0031,28,1,3.57%,$0.30,$0.30,$24.11,,,1,1,,,,,
"Jul 27, 2026",,USD,自动-低价,自动-低价 组,同类产品,,b0demo0026,45,1,2.22%,$0.36,$0.36,$0.00,,,0,0,,,,,
"Jul 28, 2026",,USD,自动-低价,自动-低价 组,同类产品,,b0demo0026,30,1,3.33%,$0.46,$0.46,$0.00,,,0,0,,,,,
"Jul 16, 2026",,USD,自动-低价,自动-低价 组,同类产品,,b0demo0008,1,1,100.0%,$0.61,$0.61,$0.00,,,0,0,,,,,
"Jul 29, 2026",,USD,自动-低价,自动-低价 组,同类产品,,b0demo0008,12,3,25.0%,$0.61,$1.84,$0.00,,,0,0,,,,,
"Jul 18, 2026",,USD,自动-低价,自动-低价 组,同类产品,,b0demo0052,2,1,50.0%,$0.46,$0.46,$0.00,,,0,0,,,,,
"Jul 21, 2026",,USD,自动-低价,自动-低价 组,同类产品,,b0demo0050,4,1,25.0%,$0.46,$0.46,$0.00,,,0,0,,,,,
"Jul 17, 2026",,USD,自动-低价,自动-低价 组,同类产品,,b0demo0018,4,2,50.0%,$0.46,$0.92,$0.00,,,0,0,,,,,
"Jul 31, 2026",,USD,自动-低价,自动-低价 组,同类产品,,b0demo0018,11,2,18.18%,$0.34,$0.68,$0.00,,,0,0,,,,,
"Aug 02, 2026",,USD,自动-低价,自动-低价 组,同类产品,,b0demo0009,53,1,1.89%,$0.46,$0.46,$48.21,,,1,2,,,,,
"Jul 31, 2026",,USD,自动-低价,自动-低价 组,同类产品,,b0demo0049,3,1,33.33%,$0.46,$0.46,$0.00,,,0,0,,,,,
"Jul 24, 2026",,USD,自动-低价,自动-低价 组,同类产品,,b0demo0012,4,1,25.0%,$0.46,$0.46,$0.00,,,0,0,,,,,
"Jul 30, 2026",,USD,自动-低价,自动-低价 组,同类产品,,b0demo0012,11,1,9.09%,$0.46,$0.46,$0.00,,,0,0,,,,,
"Jul 31, 2026",,USD,自动-低价,自动-低价 组,同类产品,,b0demo0027,20,1,5.0%,$0.35,$0.35,$24.11,,,1,1,,,,,
"Jul 19, 2026",,USD,类目定位,类目定位 组,bathtub & shower mats,,b0demo0053,1,1,100.0%,$0.46,$0.46,$0.00,,,0,0,,,,,
"Jul 20, 2026",,USD,类目定位,类目定位 组,bathtub & shower mats,,b0demo0054,5,1,20.0%,$0.46,$0.46,$0.00,,,0,0,,,,,
"Jul 20, 2026",,USD,类目定位,类目定位 组,bathtub & shower mats,,b0demo0133,4,1,25.0%,$0.43,$0.43,$0.00,,,0,0,,,,,
"Jul 24, 2026",,USD,类目定位,类目定位 组,bathtub & shower mats,,b0demo0055,3,1,33.33%,$0.46,$0.46,$0.00,,,0,0,,,,,
"Jul 16, 2026",,USD,类目定位,类目定位 组,bathtub & shower mats,,b0demo0056,2,2,100.0%,$0.46,$0.92,$0.00,,,0,0,,,,,
"Jul 19, 2026",,USD,类目定位,类目定位 组,bathtub & shower mats,,b0demo0057,1,1,100.0%,$0.46,$0.46,$0.00,,,0,0,,,,,
"Jul 27, 2026",,USD,类目定位,类目定位 组,bathtub & shower mats,,b0demo0059,2,2,100.0%,$0.46,$0.92,$0.00,,,0,0,,,,,
"Jul 30, 2026",,USD,类目定位,类目定位 组,bathtub & shower mats,,b0demo0060,2,2,100.0%,$0.46,$0.92,$0.00,,,0,0,,,,,
"Jul 11, 2026",,USD,类目定位,类目定位 组,bathtub & shower mats,,b0demo0047,2,1,50.0%,$0.46,$0.46,$0.00,,,0,0,,,,,
"Jul 18, 2026",,USD,类目定位,类目定位 组,bathtub & shower mats,,b0demo0043,51,1,1.96%,$0.46,$0.46,$0.00,,,0,0,,,,,
"Jul 26, 2026",,USD,类目定位,类目定位 组,bathtub & shower mats,,b0demo0042,3,1,33.33%,$0.46,$0.46,$0.00,,,0,0,,,,,
"Jul 14, 2026",,USD,类目定位,类目定位 组,bathtub & shower mats,,b0demo0064,6,1,16.67%,$0.46,$0.46,$0.00,,,0,0,,,,,
"Jul 18, 2026",,USD,类目定位,类目定位 组,bathtub & shower mats,,b0demo0021,6,1,16.67%,$0.46,$0.46,$0.00,,,0,0,,,,,
"Jul 31, 2026",,USD,类目定位,类目定位 组,bathtub & shower mats,,b0demo0021,6,1,16.67%,$0.46,$0.46,$48.21,,,2,2,,,,,
"Aug 02, 2026",,USD,类目定位,类目定位 组,bathtub & shower mats,,b0demo0101,2,2,100.0%,$0.46,$0.92,$0.00,,,0,0,,,,,
"Jul 10, 2026",,USD,类目定位,类目定位 组,bathtub & shower mats,,b0demo0112,2,1,50.0%,$0.46,$0.46,$0.00,,,0,0,,,,,
"Aug 01, 2026",,USD,类目定位,类目定位 组,bathtub & shower mats,,b0demo0104,1,1,100.0%,$0.46,$0.46,$0.00,,,0,0,,,,,
"Jul 18, 2026",,USD,类目定位,类目定位 组,bathtub & shower mats,,b0demo0109,5,1,20.0%,$0.46,$0.46,$0.00,,,0,0,,,,,
"Jul 18, 2026",,USD,类目定位,类目定位 组,bathtub & shower mats,,b0demo0107,13,1,7.69%,$0.46,$0.46,$0.00,,,0,0,,,,,
"Jul 09, 2026",,USD,类目定位,类目定位 组,bathtub & shower mats,,b0demo0119,2,1,50.0%,$0.46,$0.46,$0.00,,,0,0,,,,,
"Jul 30, 2026",,USD,类目定位,类目定位 组,bathtub & shower mats,,b0demo0125,6,1,16.67%,$0.46,$0.46,$0.00,,,0,0,,,,,
"Jul 18, 2026",,USD,类目定位,类目定位 组,bathtub & shower mats,,b0demo0128,3,2,66.67%,$0.46,$0.92,$0.00,,,0,0,,,,,
"Jul 16, 2026",,USD,类目定位,类目定位 组,bathtub & shower mats,,b0demo0127,5,1,20.0%,$0.46,$0.46,$0.00,,,0,0,,,,,
"Jul 16, 2026",,USD,类目定位,类目定位 组,bathtub & shower mats,,b0demo0020,7,3,42.86%,$0.46,$1.38,$0.00,,,0,0,,,,,
"Jul 18, 2026",,USD,类目定位,类目定位 组,bathtub & shower mats,,b0demo0078,2,2,100.0%,$0.46,$0.92,$0.00,,,0,0,,,,,
"Jul 17, 2026",,USD,类目定位,类目定位 组,bathtub & shower mats,,b0demo0071,3,1,33.33%,$0.46,$0.46,$0.00,,,0,0,,,,,
"Jul 13, 2026",,USD,类目定位,类目定位 组,bathtub & shower mats,,b0demo0083,2,1,50.0%,$0.46,$0.46,$24.11,,,1,1,,,,,
"Jul 28, 2026",,USD,类目定位,类目定位 组,bathtub & shower mats,,b0demo0097,1,1,100.0%,$0.46,$0.46,$0.00,,,0,0,,,,,
"Jul 19, 2026",,USD,类目定位,类目定位 组,bathtub & shower mats,,b0demo0025,22,1,4.55%,$0.46,$0.46,$0.00,,,0,0,,,,,
"Jul 20, 2026",,USD,类目定位,类目定位 组,bathtub & shower mats,,b0demo0025,35,1,2.86%,$0.46,$0.46,$0.00,,,0,0,,,,,
"Jul 17, 2026",,USD,类目定位,类目定位 组,bathtub & shower mats,,b0demo0094,9,1,11.11%,$0.46,$0.46,$0.00,,,0,0,,,,,
"Jul 16, 2026",,USD,类目定位,类目定位 组,bathtub & shower mats,,b0demo0092,17,1,5.88%,$0.46,$0.46,$0.00,,,0,0,,,,,
"Aug 01, 2026",,USD,类目定位,类目定位 组,bathtub & shower mats,,b0demo0090,2,1,50.0%,$0.46,$0.46,$0.00,,,0,0,,,,,
"Jul 10, 2026",,USD,类目定位,类目定位 组,bathtub & shower mats,,b0demo0089,2,1,50.0%,$0.46,$0.46,$0.00,,,0,0,,,,,
"Jul 30, 2026",,USD,类目定位,类目定位 组,bathtub & shower mats,,b0demo0087,2,2,100.0%,$0.46,$0.92,$0.00,,,0,0,,,,,
"Jul 29, 2026",,USD,类目定位,类目定位 组,bathtub & shower mats,,b0demo0088,7,1,14.29%,$0.46,$0.46,$0.00,,,0,0,,,,,
"Jul 27, 2026",,USD,类目定位,类目定位 组,bathtub & shower mats,,b0demo0093,2,1,50.0%,$0.46,$0.46,$0.00,,,0,0,,,,,
"Jul 20, 2026",,USD,类目定位,类目定位 组,bathtub & shower mats,,b0demo0098,6,2,33.33%,$0.46,$0.92,$0.00,,,0,0,,,,,
"Jul 12, 2026",,USD,类目定位,类目定位 组,bathtub & shower mats,,b0demo0073,1,1,100.0%,$0.46,$0.46,$0.00,,,0,0,,,,,
"Jul 16, 2026",,USD,类目定位,类目定位 组,bathtub & shower mats,,b0demo0076,3,2,66.67%,$0.46,$0.92,$0.00,,,0,0,,,,,
"Jul 18, 2026",,USD,类目定位,类目定位 组,bathtub & shower mats,,b0demo0080,3,1,33.33%,$0.46,$0.46,$0.00,,,0,0,,,,,
"Jul 19, 2026",,USD,类目定位,类目定位 组,bathtub & shower mats,,b0demo0102,14,1,7.14%,$0.46,$0.46,$0.00,,,0,0,,,,,
"Jul 21, 2026",,USD,类目定位,类目定位 组,bathtub & shower mats,,b0demo0126,5,2,40.0%,$0.46,$0.92,$0.00,,,0,0,,,,,
"Jul 29, 2026",,USD,类目定位,类目定位 组,bathtub & shower mats,,b0demo0121,9,1,11.11%,$0.46,$0.46,$0.00,,,0,0,,,,,
"Jul 11, 2026",,USD,类目定位,类目定位 组,bathtub & shower mats,,b0demo0023,4,2,50.0%,$0.46,$0.92,$48.21,,,2,2,,,,,
"Jul 19, 2026",,USD,类目定位,类目定位 组,bathtub & shower mats,,b0demo0124,3,1,33.33%,$0.46,$0.46,$24.11,,,1,1,,,,,
"Aug 01, 2026",,USD,类目定位,类目定位 组,bathtub & shower mats,,b0demo0123,5,1,20.0%,$0.46,$0.46,$0.00,,,0,0,,,,,
"Jul 24, 2026",,USD,类目定位,类目定位 组,bathtub & shower mats,,b0demo0014,1,1,100.0%,$0.46,$0.46,$0.00,,,0,0,,,,,
"Jul 17, 2026",,USD,类目定位,类目定位 组,bathtub & shower mats,,b0demo0122,3,2,66.67%,$0.46,$0.92,$0.00,,,0,0,,,,,
"Jul 26, 2026",,USD,类目定位,类目定位 组,bathtub & shower mats,,b0demo0111,8,1,12.5%,$0.46,$0.46,$0.00,,,0,0,,,,,
"Jul 10, 2026",,USD,类目定位,类目定位 组,bathtub & shower mats,,b0demo0115,10,2,20.0%,$0.46,$0.92,$0.00,,,0,0,,,,,
"Jul 26, 2026",,USD,类目定位,类目定位 组,bathtub & shower mats,,b0demo0117,2,2,100.0%,$0.46,$0.92,$0.00,,,0,0,,,,,
"Jul 11, 2026",,USD,类目定位,类目定位 组,bathtub & shower mats,,b0demo0013,8,2,25.0%,$0.46,$0.92,$0.00,,,0,0,,,,,
"Jul 18, 2026",,USD,类目定位,类目定位 组,bathtub & shower mats,,b0demo0013,15,2,13.33%,$0.46,$0.92,$24.11,,,1,1,,,,,
"Jul 26, 2026",,USD,类目定位,类目定位 组,bathtub & shower mats,,b0demo0037,4,1,25.0%,$0.46,$0.46,$0.00,,,0,0,,,,,
"Jul 21, 2026",,USD,类目定位,类目定位 组,bathtub & shower mats,,b0demo0046,141,1,0.71%,$0.46,$0.46,$0.00,,,0,0,,,,,
"Jul 17, 2026",,USD,类目定位,类目定位 组,bathtub & shower mats,,b0demo0063,29,1,3.45%,$0.46,$0.46,$0.00,,,0,0,,,,,
"Jul 17, 2026",,USD,类目定位,类目定位 组,bathtub & shower mats,,b0demo0022,59,1,1.69%,$0.46,$0.46,$24.11,,,1,1,,,,,
"Jul 20, 2026",,USD,类目定位,类目定位 组,bathtub & shower mats,,b0demo0022,20,1,5.0%,$0.46,$0.46,$24.11,,,1,1,,,,,
"Jul 17, 2026",,USD,类目定位,类目定位 组,bathtub & shower mats,,b0demo0051,1,1,100.0%,$0.46,$0.46,$0.00,,,0,0,,,,,
"Jul 17, 2026",,USD,类目定位,类目定位 组,bathtub & shower mats,,b0demo0009,88,4,4.55%,$0.46,$1.83,$48.21,,,2,2,,,,,
"Jul 30, 2026",,USD,类目定位,类目定位 组,bathtub & shower mats,,b0demo0012,11,1,9.09%,$0.46,$0.46,$35.20,,,1,1,,,,,
"Jul 19, 2026",,USD,类目定位,类目定位 组,bathtub & shower mats,,b0demo0027,21,2,9.52%,$0.46,$0.92,$0.00,,,0,0,,,,,
"Jul 29, 2026",,USD,类目定位,类目定位 组,bathtub & shower mats,,b0demo0048,3,1,33.33%,$0.46,$0.46,$0.00,,,0,0,,,,,
"Jul 18, 2026",,USD,类目定位,类目定位 组,bathtub & shower mats,,shower curtain mat,2,2,100.0%,$0.46,$0.92,$0.00,,,0,0,,,,,
"Jul 11, 2026",,USD,类目定位,类目定位 组,bathtub & shower mats,,shower curtain mat non slip,7,1,14.29%,$0.46,$0.46,$0.00,,,0,0,,,,,
"Jul 18, 2026",,USD,类目定位,类目定位 组,bathtub & shower mats,,family shower runner rugs,3,1,33.33%,$0.46,$0.46,$0.00,,,0,0,,,,,
"Jul 20, 2026",,USD,类目定位,类目定位 组,bathtub & shower mats,,apartment non slip,4,2,50.0%,$0.46,$0.92,$0.00,,,0,0,,,,,
"Jul 22, 2026",,USD,类目定位,类目定位 组,bathtub & shower mats,,drem mo,4,1,25.0%,$0.46,$0.46,$0.00,,,0,0,,,,,
"Jul 21, 2026",,USD,类目定位,类目定位 组,bathtub & shower mats,,dremmo travel,12,2,16.67%,$0.46,$0.92,$0.00,,,0,0,,,,,
"Jul 27, 2026",,USD,类目定位,类目定位 组,bathtub & shower mats,,dremmo travel,12,2,16.67%,$0.46,$0.92,$0.00,,,0,0,,,,,
"Jul 19, 2026",,USD,类目定位,类目定位 组,bathtub & shower mats,,non skid bathtub rv,2,1,50.0%,$0.46,$0.46,$0.00,,,0,0,,,,,
"Jul 16, 2026",,USD,类目定位,类目定位 组,bathtub & shower mats,,non skid clearwick,5,1,20.0%,$0.46,$0.46,$0.00,,,0,0,,,,,
"Jul 14, 2026",,USD,类目定位,类目定位 组,bathtub & shower mats,,nonslip shower curtains walk in tub,12,1,8.33%,$0.46,$0.46,$0.00,,,0,0,,,,,
"Jul 10, 2026",,USD,类目定位,类目定位 组,bathtub & shower mats,,kovera,9,1,11.11%,$0.46,$0.46,$0.00,,,0,0,,,,,
"Jul 26, 2026",,USD,类目定位,类目定位 组,bathtub & shower mats,,kovera,12,2,16.67%,$0.46,$0.92,$0.00,,,0,0,,,,,
"Aug 02, 2026",,USD,类目定位,类目定位 组,bathtub & shower mats,,kovera,9,1,11.11%,$0.41,$0.41,$0.00,,,0,0,,,,,
"Jul 08, 2026",,USD,类目定位,类目定位 组,bathtub & shower mats,,pellura,1,1,100.0%,$0.46,$0.46,$0.00,,,0,0,,,,,
"Jul 29, 2026",,USD,类目定位,类目定位 组,bathtub & shower mats,,norvane extra long mat,1,1,100.0%,$0.46,$0.46,$0.00,,,0,0,,,,,
"Jul 17, 2026",,USD,ASIN定位-3,ASIN定位-3 组,b0demo0002,,b0demo0002,224,3,1.34%,$1.16,$3.48,$0.00,,,0,0,,,,,
"Jul 18, 2026",,USD,ASIN定位-3,ASIN定位-3 组,b0demo0002,,b0demo0002,158,2,1.27%,$1.16,$2.32,$0.00,,,0,0,,,,,
"Jul 19, 2026",,USD,ASIN定位-3,ASIN定位-3 组,b0demo0002,,b0demo0002,128,3,2.34%,$1.16,$3.48,$0.00,,,0,0,,,,,
"Jul 20, 2026",,USD,ASIN定位-3,ASIN定位-3 组,b0demo0002,,b0demo0002,104,1,0.96%,$1.16,$1.16,$24.11,,,1,1,,,,,
"Jul 26, 2026",,USD,ASIN定位-2,ASIN定位-2 组,b0demo0011,,b0demo0011,14,3,21.43%,$0.77,$2.32,$0.00,,,0,0,,,,,
"Jul 23, 2026",,USD,ASIN定位-2,ASIN定位-2 组,b0demo0011,,dremmo mat non slip,4,2,50.0%,$0.78,$1.55,$0.00,,,0,0,,,,,
"Jul 18, 2026",,USD,ASIN定位-2,ASIN定位-2 组,b0demo0148,,modern,82,2,2.44%,$0.78,$1.55,$0.00,,,0,0,,,,,
"Jul 19, 2026",,USD,ASIN定位-2,ASIN定位-2 组,b0demo0148,,bathtub family compact,3,2,66.67%,$0.78,$1.55,$0.00,,,0,0,,,,,
"Jul 22, 2026",,USD,ASIN定位-2,ASIN定位-2 组,b0demo0148,,nonslip bathtub mat size large,2,2,100.0%,$0.78,$1.55,$35.20,,,1,1,,,,,
"Jul 29, 2026",,USD,ASIN定位-2,ASIN定位-2 组,b0demo0148,,non slip mat modern senior home,2,1,50.0%,$0.77,$0.77,$0.00,,,0,0,,,,,
"Jul 23, 2026",,USD,ASIN定位-2,ASIN定位-2 组,b0demo0148,,kovera mat,17,3,17.65%,$0.77,$2.32,$0.00,,,0,0,,,,,
"Jul 20, 2026",,USD,ASIN定位-3,ASIN定位-3 组,b0demo0016,,b0demo0016,43,2,4.65%,$1.16,$2.32,$0.00,,,0,0,,,,,
"Jul 23, 2026",,USD,ASIN定位-3,ASIN定位-3 组,b0demo0016,,kovera all day comfort runner rugs gray,6,1,16.67%,$0.77,$0.77,$0.00,,,0,0,,,,,
